sale_order_code,order_number,order_date,packing_date,invoice_number,product_sku_code,order_item_status,promised_delivery_date,actual_delivery_date,return_date,restocked_date,return_type,promised_settlement_date,currency,seller_paid_amount,postpaid_amount,prepaid_amount,mrp,discount_amount,shipping_case,tax_rate,igst_amount,cgst_amount,sgst_amount,tcs_igst_amt,tcs_sgst_amt,tcs_cgst_amt,minimum_commission,commission_pct,commission_total_amount,total_commission_plus_tcs_deduction_fw,logistics_deduction_fw,customer_paid_amt_fw,total_settlement_fw,amount_pending_settlement_fw,prepaid_commission_deduction_fw,prepaid_logistics_deduction_fw,prepaid_payment_fw,postpaid_commission_deduction_fw,postpaid_logistics_deduction_fw,postpaid_payment_fw,settlement_date_prepaid_comm_deduction_fw,settlement_date_prepaid_logistics_deduction_fw,settlement_date_prepaid_payment_fw,settlement_date_postpaid_comm_deduction_fw,settlement_date_postpaid_logistics_deduction_fw,settlement_date_postpaid_payment_fw,bank_utr_no_prepaid_comm_deduction_fw,bank_utr_no_prepaid_logistics_deduction_fw,bank_utr_no_prepaid_payment_fw,bank_utr_no_postpaid_comm_deduction_fw,bank_utr_no_postpaid_logistics_deduction_fw,bank_utr_no_postpaid_payment_fw,total_commission_plus_tcs_deduction_rv,logistics_deduction_rv,customer_paid_amt_rv,total_settlement_rv,amount_pending_settlement_rv,prepaid_commission_deduction_rv,prepaid_logistics_deduction_rv,prepaid_payment_rv,postpaid_commission_deduction_rv,postpaid_logistics_deduction_rv,postpaid_payment_rv,settlement_date_prepaid_comm_deduction_rv,settlement_date_prepaid_logistics_deduction_rv,settlement_date_prepaid_payment_rv,settlement_date_postpaid_comm_deduction_rv,settlement_date_postpaid_logistics_deduction_rv,settlement_date_postpaid_payment_rv,bank_utr_no_prepaid_comm_deduction_rv,bank_utr_no_prepaid_logistics_deduction_rv,bank_utr_no_prepaid_payment_rv,bank_utr_no_postpaid_comm_deduction_rv,bank_utr_no_postpaid_logistics_deduction_rv,bank_utr_no_postpaid_payment_rv,courier_name,e_commerce_portal_name,hsn,product_tax_category,payment_method,brand,gender,article_type,supply_type,is_try_and_buy,tracking_no,customer_name,customer_pincode,customer_state,igst_rate,cgst_rate,sgst_rate,taxable_amount,tcs_igst_rate,tcs_sgst_rate,tcs_cgst_rate,shipping_amount,gift_amount,cart_discount,coupon_discount,seller_gstn,seller_name,seller_state_code,additional_amount,postpaid_amount_other,prepaid_amount_other,myntra_gstn,party_id_to,Item_Code,Item_Created_On,Item_Updated_On,Item_Status,GRN_Number,GRN_Created,Vendor_Code,Facility,Item_Type_Name,_MRP,Item_Type_skuCode,Vendor_skuCode,Unit_price_without_tax,Unit_price_with_tax,Rejection_Reason,Gate_Pass_No,Gate_Pass_Type,Gate_Pass_Status,Gate_Pass_Created,HSN_Code,_Invoice_Number,_Invoice_Date,FOCI_PO_TYPE,PO_Code,PO_Created,Sale_Order_status,Myntra_Status_OGP,Vendor_Style_Code,ASN_code,ASN_created,ASN_packed,ASN_picked,FOCI_supply_type,Total_Customer_Paid,commission_base_amount,commission_tax_amount,packed_id,seller_order_id,return_id,item_id,return_status,commissionTermApplied,fixedTermApplied
100294714989,133918445189992190601,2026-08-21T15:24:40.000+05:30,2026-08-21 15:27:18,I2927SV000001006,MIASAEARR141783612,reverse_in_transit,2026-08-27 11:30:00,,,,release_rto_refund,,INR,1042.0,1042.0,0.0,2160.0,947.0,Inter-State,3.0,30.35,0.0,0.0,5.05825,0.0,0.0,0.0,9.44,98.365,,,,,,,,,,,,,,,,,,,,,,,,,,,,,,,,,,,,,,,,,,,,,,,,Myntra Designs Pvt Ltd,71171910,Accessories,,MISS ASTUTE,Women,Earrings,ON_HAND,false,MYEC1116118363,c23a70ca.8aba.4dc0.9a22.087944d42435ygE3tXUNvU,226004,UP,3,0.0,0.0,1011.65,0.5,0,0,0.0,0.0,,0.0,29ABGCS9514D1Z5,,KA,0.0,0.0,0.0,29AAECM9636P1ZJ,39377,,,,,,,,,,,,,,,,,,,,,,,PPMP,,,,,,,,,,ON_HAND,1213.0,,,1000124115282,660a69c6-8fa8-4a21-863b-d994414812cb,,11349469474,,BRAND,BRAND
100292898798,133909781306983417103,2026-08-20T15:20:41.000+05:30,2026-08-20 17:01:40,I2927SV000000998,MIASAANKL134956771,reverse_in_transit,2026-08-26 11:30:00,2026-08-25 18:49:56,2026-08-26 03:21:36,,return_refund,,INR,1438.0,1438.0,0.0,2688.0,1026.0,Inter-State,3.0,41.88,0.0,0.0,6.9806,0.0,0.0,0.0,11.8,169.684,,,,,,,,,,,,,,,,,,,,,,,,,,,,,,,,,,,,,,,,,,,,,,,,Myntra Designs Pvt Ltd,71171910,Accessories,,MISS ASTUTE,Women,Anklet,ON_HAND,false,MYEC1115975757,6fa79278.fbed.4372.873e.c29310ee2f83rFdKRq42u8,700105,WB,3,0.0,0.0,1396.12,0.5,0,0,0.0,0.0,,0.0,29ABGCS9514D1Z5,,KA,0.0,0.0,0.0,29AAECM9636P1ZJ,39377,,,,,,,,,,,,,,,,,,,,,,,PPMP,,,,,,,,,,ON_HAND,1662.0,,,1000122835127,5058a382-f6b2-485b-b0ab-97af8ef20943,,11347651711,DLS,BRAND,BRAND
100287909328,133885762853854729901,2026-08-17T20:37:36.000+05:30,2026-08-17 20:47:08,I2927SV000000963,MIASABANG128581221,delivered,2026-08-22 11:30:00,2026-08-21 23:30:46,,,,,INR,404.0,27.0,377.0,799.0,360.0,Inter-State,3.0,11.77,0.0,0.0,1.9611500000000002,0.0,0.0,0.0,9.44,38.138,,,,,,,,,,,,,,,,,,,,,,,,,,,,,,,,,,,,,,,,,,,,,,,,Myntra Designs Pvt Ltd,71171910,Accessories,,MISS ASTUTE,Women,Bangle,ON_HAND,false,MYEP1132340393,6a4b6caf.efa3.4582.9bc9.d99431695601q0ih0XyhFQ,400077,MH,3,0.0,0.0,392.23,0.5,0,0,0.0,0.0,,27.0,29ABGCS9514D1Z5,,KA,27.0,0.0,0.0,29AAECM9636P1ZJ,39377,,,,,,,,,,,,,,,,,,,,,,,PPMP,,,,,,,,,,ON_HAND,439.0,,,1000118734291,4c11d90d-915e-4e5c-838e-046315b21874,,11342658276,,BRAND,BRAND
100299871690,133941622900484640503,2026-08-24T07:47:37.000+05:30,2026-08-24 13:02:46,I2927SV000001021,MIASABANG125037241,delivered,2026-08-29 11:30:00,2026-08-29 01:26:47,,,,,INR,624.0,0.0,624.0,1275.0,592.0,Inter-State,3.0,18.17,0.0,0.0,3.0291500000000005,0.0,0.0,0.0,9.44,58.906,,,,,,,,,,,,,,,,,,,,,,,,,,,,,,,,,,,,,,,,,,,,,,,,Myntra Designs Pvt Ltd,71171990,Accessories,,MISS ASTUTE,Women,Bangle,ON_HAND,false,MYEP1133438179,2c472cbf.9f89.41d6.aedc.5d1e7a66fa5bVQ7YPPzUq5,700118,WB,3,0.0,0.0,605.83,0.5,0,0,0.0,0.0,,0.0,29ABGCS9514D1Z5,,KA,0.0,0.0,0.0,29AAECM9636P1ZJ,39377,,,,,,,,,,,,,,,,,,,,,,,PPMP,,,,,,,,,,ON_HAND,683.0,,,1000127919272,cbcc763e-85bc-4ea5-868a-e07e07dbdf37,,11354630114,,BRAND,BRAND
100309919981,133999631042629076401,2026-08-31T00:55:38.000+05:30,2026-08-31 11:06:08,I2927SV000001068,MIASABANG125037242,delivered,2026-09-04 11:30:00,2026-09-04 16:59:48,,,,,INR,624.0,624.0,0.0,1275.0,592.0,Inter-State,3.0,18.17,0.0,0.0,3.0291500000000005,0.0,0.0,0.0,9.44,58.906,,,,,,,,,,,,,,,,,,,,,,,,,,,,,,,,,,,,,,,,,,,,,,,,Myntra Designs Pvt Ltd,71171990,Accessories,,MISS ASTUTE,Women,Bangle,ON_HAND,false,MYEC1117180054,43f00fed.809b.454d.a740.a3d8545cd934I0qE9zdDVe,400067,MH,3,0.0,0.0,605.83,0.5,0,0,0.0,0.0,,0.0,29ABGCS9514D1Z5,,KA,0.0,0.0,0.0,29AAECM9636P1ZJ,39377,,,,,,,,,,,,,,,,,,,,,,,PPMP,,,,,,,,,,ON_HAND,683.0,,,1000134682908,31289379-bde5-4c2d-a133-363e94ffe0e3,,11364687281,,BRAND,BRAND
100282775262,133863680248171350903,2026-08-15T07:17:10.000+05:30,2026-08-15 10:01:39,I2927SV000000942,MIASAEARR130297073,delivered,2026-08-21 11:30:00,2026-08-21 21:22:22,,,,,INR,670.0,0.0,670.0,1140.0,411.0,Inter-State,3.0,19.51,0.0,0.0,3.25245,0.0,0.0,0.0,9.44,63.248,,,,,,,,,,,,,,,,,,,,,,,,,,,,,,,,,,,,,,,,,,,,,,,,Myntra Designs Pvt Ltd,71171100,Accessories,,MISS ASTUTE,Women,Earrings,ON_HAND,false,MYEP1131968088,b103af98.5bdc.4fe0.a2d5.69f4b5e90a14UCtwDjuBRn,400610,MH,3,0.0,0.0,650.49,0.5,0,0,0.0,0.0,,0.0,29ABGCS9514D1Z5,,KA,0.0,0.0,0.0,29AAECM9636P1ZJ,39377,,,,,,,,,,,,,,,,,,,,,,,PPMP,,,,,,,,,,ON_HAND,729.0,,,1000115619164,159eca07-b002-4d7e-b171-25e03bb4f3b4,,11337519500,,BRAND,BRAND
100272742876,133814380382670272003,2026-08-09T14:20:32.000+05:30,2026-08-09 16:42:37,I2927SV000000900,MIASAJWST129818478,delivered,2026-08-14 11:30:00,2026-08-11 20:03:08,,,,,INR,2182.0000000000005,0.0,2182.0,3350.0,938.0,Intra-State,3.0,0.0,31.78,31.78,0.0,5.2961,5.2961,0.0,20.06,437.709,,,,,,,,,,,,,,,,,,,,,,,,,,,,,,,,,,,,,,,,,,,,,,,,Myntra Designs Pvt Ltd,71171990,Accessories,,MISS ASTUTE,Women,Jewellery Set,ON_HAND,false,MYEP1131105464,43147175.82c6.4180.816d.c5f23d1872c6helMmixTPk,560100,KA,0.0,1.5,1.5,2118.44,0,0.25,0.25,0.0,0.0,,0.0,29ABGCS9514D1Z5,,KA,0.0,0.0,0.0,29AAECM9636P1ZJ,39377,,,,,,,,,,,,,,,,,,,,,,,PPMP,,,,,,,,,,ON_HAND,2412.0000000000005,,,1000108678457,ea827682-9546-42d5-a318-0c3fa433341e,,11327480473,,BRAND,STANDARD
100294169718,133916435680828642701,2026-08-21T09:49:45.000+05:30,2026-08-21 13:56:46,I2927SV000001003,MIASAEARR122418839,delivered,2026-08-26 11:30:00,2026-08-25 17:44:15,,,,,INR,277.0,0.0,277.0,624.0,312.0,Inter-State,3.0,8.07,0.0,0.0,1.3446500000000001,0.0,0.0,0.0,9.44,26.149,,,,,,,,,,,,,,,,,,,,,,,,,,,,,,,,,,,,,,,,,,,,,,,,Myntra Designs Pvt Ltd,71171990,Accessories,,MISS ASTUTE,Women,Earrings,ON_HAND,false,MYEP1133004749,989d704e.7f82.4a59.b370.46f00ca7c0d2uS91VhZyBX,743144,WB,3,0.0,0.0,268.93,0.5,0,0,0.0,0.0,,0.0,29ABGCS9514D1Z5,,KA,0.0,0.0,0.0,29AAECM9636P1ZJ,39377,,,,,,,,,,,,,,,,,,,,,,,PPMP,,,,,,,,,,ON_HAND,312.0,,,1000124013150,4bf41a90-f660-4b79-831f-bf401d1e1b78,,11348923746,,BRAND,BRAND
100304862434,133971040296018085701,2026-08-27T17:30:31.000+05:30,2026-08-27 18:13:58,I2927SV000001036,MIASAJWST129818474,reverse_in_transit,2026-09-02 11:30:00,2026-09-02 21:14:46,2026-09-07 01:38:50,,return_refund,,INR,1708.0,0.0,1708.0,2975.0,1043.0,Inter-State,3.0,49.75,0.0,0.0,8.29125,0.0,0.0,0.0,11.8,201.544,,,,,,,,,,,,,,,,,,,,,,,,,,,,,,,,,,,,,,,,,,,,,,,,Myntra Designs Pvt Ltd,71171990,Accessories,,MISS ASTUTE,Women,Jewellery Set,ON_HAND,false,MYEP1133816332,22e55574.500f.4113.972f.f3eeb52268a0mLV3JXK2sA,400006,MH,3,0.0,0.0,1658.25,0.5,0,0,0.0,0.0,,0.0,29ABGCS9514D1Z5,,KA,0.0,0.0,0.0,29AAECM9636P1ZJ,39377,,,,,,,,,,,,,,,,,,,,,,,PPMP,,,,,,,,,,ON_HAND,1932.0,,,1000131378317,88f0c6cb-284d-48a6-8868-dd1c4864f8e4,,11359626280,DLS,BRAND,BRAND
100278785526,133842795585283365601,2026-08-12T21:16:24.000+05:30,2026-08-12 22:05:33,I2927SV000000926,MIASAEARR118063950,reverse_in_transit,2026-08-18 11:30:00,2026-08-17 22:40:13,2026-08-18 04:01:41,,exchange,,INR,363.0,363.0,0.0,720.0,298.0,Inter-State,3.0,10.57,0.0,0.0,1.76215,0.0,0.0,0.0,0.0,0.0,,,,,,,,,,,,,,,,,,,,,,,,,,,,,,,,,,,,,,,,,,,,,,,,Myntra Designs Pvt Ltd,71171990,Accessories,,MISS ASTUTE,Women,Earrings,ON_HAND,false,MYEC1114926244,3458d320.679b.405a.af08.8bf011a9aab5WzrVyJ7jUD,122011,HR,3,0.0,0.0,352.43,0.5,0,0,0.0,0.0,,0.0,29ABGCS9514D1Z5,,KA,0.0,0.0,0.0,29AAECM9636P1ZJ,39377,,,,,,,,,,,,,,,,,,,,,,,PPMP,,,,,,,,,,ON_HAND,422.0,,,1000112900903,a167e3ff-357e-43b2-81b3-58733db860f2,,11333526876,DLS,BRAND,STANDARD
100273776371,133817108506181598703,2026-08-09T21:55:13.000+05:30,2026-08-09 22:05:42,I2927SV000000905,MIASAEARR132068522,delivered,2026-08-17 11:30:00,2026-08-14 21:50:00,,,,,INR,606.0,606.0,0.0,1750.0,1050.0,Inter-State,3.0,17.65,0.0,0.0,2.9417500000000003,0.0,0.0,0.0,5.9,35.754,,,,,,,,,,,,,,,,,,,,,,,,,,,,,,,,,,,,,,,,,,,,,,,,Myntra Designs Pvt Ltd,71171100,Accessories,,MISS ASTUTE,Women,Earrings,ON_HAND,false,MYEC1114477105,421a9928.60c3.41aa.8ac4.f553455c1511Jn2mdoujKO,411043,MH,3,0.0,0.0,588.35,0.5,0,0,0.0,0.0,,0.0,29ABGCS9514D1Z5,,KA,0.0,0.0,0.0,29AAECM9636P1ZJ,39377,,,,,,,,,,,,,,,,,,,,,,,PPMP,,,,,,,,,,ON_HAND,700.0,,,1000108891022,b7dd5f20-1bbe-4c2c-aef0-c94ed23d03b8,,11328514409,,BRAND,STANDARD
100300414599,133944409310421252203,2026-08-24T15:32:02.000+05:30,2026-08-24 23:42:07,I2927SV000001026,MIASABANG141906972,delivered,2026-08-31 11:30:00,2026-08-31 21:36:13,,,,,INR,636.0,0.0,636.0,1350.0,655.0,Inter-State,3.0,18.52,0.0,0.0,3.0874,0.0,0.0,0.0,9.44,60.038,,,,,,,,,,,,,,,,,,,,,,,,,,,,,,,,,,,,,,,,,,,,,,,,Myntra Designs Pvt Ltd,71171910,Accessories,,MISS ASTUTE,Women,Bangle,ON_HAND,false,MYEP1133478777,254aee3d.eb8f.4554.a4c6.ff86cd5ccee2GkpGQkURyW,273163,UP,3,0.0,0.0,617.48,0.5,0,0,0.0,0.0,,0.0,29ABGCS9514D1Z5,,KA,0.0,0.0,0.0,29AAECM9636P1ZJ,39377,,,,,,,,,,,,,,,,,,,,,,,PPMP,,,,,,,,,,ON_HAND,695.0,,,1000128359539,8a4a5b9f-2277-4546-b1d3-8374b90e92af,,11355173844,,BRAND,BRAND
100258566780,133754341493734780603,2026-08-02T15:34:03.000+05:30,2026-08-02 17:14:11,I2927SV000000860,MIASAJWST129818470,delivered,2026-08-08 11:30:00,2026-08-08 21:17:33,,,,,INR,2242.0,0.0,2242.0,3350.0,878.0,Inter-State,3.0,65.3,0.0,0.0,10.8835,0.0,0.0,0.0,20.06,449.745,,,,,,,,,,,,,,,,,,,,,,,,,,,,,,,,,,,,,,,,,,,,,,,,Myntra Designs Pvt Ltd,71171990,Accessories,,MISS ASTUTE,Women,Jewellery Set,ON_HAND,false,MYEP1129944315,707a206b.8fd6.4ca6.8d6b.eb672791674dnVvLUfDkCr,151201,PB,3,0.0,0.0,2176.7,0.5,0,0,0.0,0.0,,0.0,29ABGCS9514D1Z5,,KA,0.0,0.0,0.0,29AAECM9636P1ZJ,39377,,,,,,,,,,,,,,,,,,,,,,,PPMP,,,,,,,,,,ON_HAND,2472.0,,,1000098945761,624a921e-13dc-4c89-8cf3-a225cc08482b,,11313300052,,BRAND,STANDARD
100290717526,133899868222748701703,2026-08-19T11:48:30.000+05:30,2026-08-19 12:01:04,I2927SV000000986,MIASAJWST129818478,delivered,2026-08-21 11:30:00,2026-08-23 00:15:59,,,,,INR,2004.0,0.0,2004.0,3350.0,998.0,Inter-State,3.0,58.37,0.0,0.0,9.728150000000001,0.0,0.0,0.0,11.8,236.472,,,,,,,,,,,,,,,,,,,,,,,,,,,,,,,,,,,,,,,,,,,,,,,,Myntra Designs Pvt Ltd,71171990,Accessories,,MISS ASTUTE,Women,Jewellery Set,ON_HAND,false,MYEP1132640807,299fca2f.1e91.4902.8725.c0746eec8a6eaM6dKPeIGu,690529,KL,3,0.0,0.0,1945.63,0.5,0,0,0.0,0.0,,0.0,29ABGCS9514D1Z5,,KA,0.0,0.0,0.0,29AAECM9636P1ZJ,39377,,,,,,,,,,,,,,,,,,,,,,,PPMP,,,,,,,,,,ON_HAND,2352.0,,,1000121076039,1d9e849f-581a-4a9e-873a-28952387309a,,11345468750,,BRAND,BRAND
100272651410,133814138654715052301,2026-08-09T13:40:14.000+05:30,2026-08-09 16:43:42,I2927SV000000903,MIASAEARR130526987,delivered,2026-08-15 11:30:00,2026-08-12 19:12:24,,,,,INR,548.0,0.0,548.0,824.0,182.0,Inter-State,3.0,15.96,0.0,0.0,2.6601999999999997,0.0,0.0,0.0,5.9,32.332,,,,,,,,,,,,,,,,,,,,,,,,,,,,,,,,,,,,,,,,,,,,,,,,Myntra Designs Pvt Ltd,71171990,Accessories,,MISS ASTUTE,Women,Earrings,ON_HAND,false,MYEP1131105447,37f28fd3.0bd3.4dcf.bf41.ef8195946606aWI2Jc9IOY,500050,TG,3,0.0,0.0,532.04,0.5,0,0,0.0,0.0,,0.0,29ABGCS9514D1Z5,,KA,0.0,0.0,0.0,29AAECM9636P1ZJ,39377,,,,,,,,,,,,,,,,,,,,,,,PPMP,,,,,,,,,,ON_HAND,642.0,,,1000108679550,ffb70fcf-19ee-4635-bd41-86b145c79840,,11327388997,,BRAND,STANDARD
100303272275,133961426627434537901,2026-08-26T14:48:14.000+05:30,2026-08-27 00:16:33,I2927SV000001030,MIASAEARR120379356,delivered,2026-08-31 11:30:00,2026-09-02 00:32:12,,,,,INR,478.0,478.0,0.0,1000.0,463.0,Inter-State,3.0,13.92,0.0,0.0,2.3204,0.0,0.0,0.0,9.44,45.123,,,,,,,,,,,,,,,,,,,,,,,,,,,,,,,,,,,,,,,,,,,,,,,,Myntra Designs Pvt Ltd,71171990,Accessories,,MISS ASTUTE,Women,Earrings,ON_HAND,false,MYEC1116755468,dd71aa18.f065.4898.9593.c1865c81ea8eRGHNBaGFDZ,444001,MH,3,0.0,0.0,464.08,0.5,0,0,0.0,0.0,,0.0,29ABGCS9514D1Z5,,KA,0.0,0.0,0.0,29AAECM9636P1ZJ,39377,,,,,,,,,,,,,,,,,,,,,,,PPMP,,,,,,,,,,ON_HAND,537.0,,,1000130506279,2bf9a536-5d67-4685-bcec-f1535b4ec2f7,,11358034209,,BRAND,BRAND
100295038077,133919675763157261401,2026-08-21T18:49:46.000+05:30,2026-08-22 00:35:11,I2927SV000001008,MIASAEARR141783612,reverse_in_transit,2026-08-27 11:30:00,2026-08-27 18:26:44,2026-08-30 05:38:06,,return_refund,,INR,1042.0,1042.0,0.0,2160.0,947.0,Inter-State,3.0,30.35,0.0,0.0,5.05825,0.0,0.0,0.0,9.44,98.365,,,,,,,,,,,,,,,,,,,,,,,,,,,,,,,,,,,,,,,,,,,,,,,,Myntra Designs Pvt Ltd,71171910,Accessories,,MISS ASTUTE,Women,Earrings,ON_HAND,false,MYEC1116138241,1567f89a.b38b.4f38.9b66.b469d1913f790qAHEIdJRk,390022,GJ,3,0.0,0.0,1011.65,0.5,0,0,0.0,0.0,,0.0,29ABGCS9514D1Z5,,KA,0.0,0.0,0.0,29AAECM9636P1ZJ,39377,,,,,,,,,,,,,,,,,,,,,,,PPMP,,,,,,,,,,ON_HAND,1213.0,,,1000124443842,311ca633-add0-4541-88bf-456647209f4c,,11349793320,DLS,BRAND,BRAND
100256214971,133745240916006013001,2026-08-01T14:17:17.000+05:30,2026-08-01 23:36:08,I2927SV000000851,MIASAEARR130297073,reverse_in_transit,2026-08-04 11:30:00,2026-08-04 16:41:16,2026-08-04 18:26:43,,return_refund,,INR,601.0,0.0,601.0,1140.0,445.0,Intra-State,3.0,0.0,8.75,8.75,0.0,1.45875,1.45875,0.0,5.9,35.459,,,,,,,,,,,,,,,,,,,,,,,,,,,,,,,,,,,,,,,,,,,,,,,,Myntra Designs Pvt Ltd,71171100,Accessories,,MISS ASTUTE,Women,Earrings,ON_HAND,false,MYEP1129851393,bbe8e1c6.28f9.4b77.8c27.301ac1fdf9e1p4t75f8doP,560020,KA,0.0,1.5,1.5,583.5,0,0.25,0.25,0.0,0.0,,0.0,29ABGCS9514D1Z5,,KA,0.0,0.0,0.0,29AAECM9636P1ZJ,39377,,,,,,,,,,,,,,,,,,,,,,,PPMP,,,,,,,,,,ON_HAND,695.0,,,1000098010833,a296a3eb-7fd1-4105-8175-f28743000363,,11310947838,DLS,BRAND,STANDARD
100256592500,133746449858940369003,2026-08-01T17:38:47.000+05:30,2026-08-01 23:37:18,I2927SV000000854,MIASAANKL134956771,delivered,2026-08-04 11:30:00,2026-08-04 17:26:08,,,,,INR,1441.0,1441.0,0.0,2688.0,1076.0,Intra-State,3.0,0.0,20.99,20.99,0.0,3.49755,3.49755,0.0,17.7,255.057,,,,,,,,,,,,,,,,,,,,,,,,,,,,,,,,,,,,,,,,,,,,,,,,Myntra Designs Pvt Ltd,71171910,Accessories,,MISS ASTUTE,Women,Anklet,ON_HAND,false,MYEC1113325599,b05f56d4.56ac.4a55.9cba.ea7f18d73d1eZTJLZhGVZL,562117,KA,0.0,1.5,1.5,1399.02,0,0.25,0.25,0.0,0.0,,0.0,29ABGCS9514D1Z5,,KA,0.0,0.0,0.0,29AAECM9636P1ZJ,39377,,,,,,,,,,,,,,,,,,,,,,,PPMP,,,,,,,,,,ON_HAND,1612.0,,,1000098011428,802dbbae-ee7c-490b-b7e0-930b7a1b4870,,11311325530,,STANDARD,STANDARD
100307380856,133987562021337778801,2026-08-29T15:24:08.000+05:30,2026-08-29 15:41:23,I2927SV000001049,MIASAJWST129818474,reverse_in_transit,2026-09-02 11:30:00,2026-08-31 16:24:31,2026-08-31 22:05:23,,return_refund,,INR,1746.0,0.0,1746.0,2975.0,1005.0,Inter-State,3.0,50.85,0.0,0.0,8.475750000000001,0.0,0.0,0.0,11.8,206.028,,,,,,,,,,,,,,,,,,,,,,,,,,,,,,,,,,,,,,,,,,,,,,,,Myntra Designs Pvt Ltd,71171990,Accessories,,MISS ASTUTE,Women,Jewellery Set,ON_HAND,false,MYEP1133983391,3afb4eb3.dfad.4db6.9fd7.43212b70e41eiuQ0kTG4N5,501218,TG,3,0.0,0.0,1695.15,0.5,0,0,0.0,0.0,,0.0,29ABGCS9514D1Z5,,KA,0.0,0.0,0.0,29AAECM9636P1ZJ,39377,,,,,,,,,,,,,,,,,,,,,,,PPMP,,,,,,,,,,ON_HAND,1970.0,,,1000132962460,c36f8a50-429f-4ca1-9eee-f760304d714a,,11362146758,DLS,BRAND,BRAND
100308083221,133990521867195792301,2026-08-29T23:37:27.000+05:30,2026-08-30 00:31:01,I2927SV000001053,MIASARING145756932,delivered,2026-09-05 11:30:00,2026-09-04 19:28:22,2026-09-04 20:37:15,,,,INR,905.0,0.0,905.0,1375.0,376.0,Inter-State,3.0,26.36,0.0,0.0,4.3932,0.0,0.0,0.0,11.8,106.79,,,,,,,,,,,,,,,,,,,,,,,,,,,,,,,,,,,,,,,,,,,,,,,,Myntra Designs Pvt Ltd,71179090,Accessories,,MISS ASTUTE,Women,Ring,ON_HAND,false,MYEP1133994900,68729b4b.79eb.4db7.84bf.55f1b9a853fcFtRojjprJr,400709,MH,3,0.0,0.0,878.64,0.5,0,0,0.0,0.0,,0.0,29ABGCS9514D1Z5,,KA,0.0,0.0,0.0,29AAECM9636P1ZJ,39377,,,,,,,,,,,,,,,,,,,,,,,PPMP,,,,,,,,,,ON_HAND,999.0,,,1000133208889,3842dd79-7dfb-4e55-a0dd-0038d899ccb3,,11362849619,DEC,BRAND,BRAND
100273864054,133817303896488976503,2026-08-09T22:27:47.000+05:30,2026-08-10 00:00:59,I2927SV000000910,MIASAJWST133408051,delivered,2026-08-14 11:30:00,2026-08-14 23:53:42,,,,,INR,1514.0,0.0,1514.0,3399.0,1500.0,Inter-State,3.0,44.1,0.0,0.0,7.349500000000001,0.0,0.0,0.0,18.88,285.843,,,,,,,,,,,,,,,,,,,,,,,,,,,,,,,,,,,,,,,,,,,,,,,,Myntra Designs Pvt Ltd,71171990,Accessories,,MISS ASTUTE,Women,Jewellery Set,ON_HAND,false,MYEP1131124734,f28d7520.6a93.4e74.8df2.c10ed232cf4cCY6bkoScky,208020,UP,3,0.0,0.0,1469.9,0.5,0,0,0.0,0.0,,190.0,29ABGCS9514D1Z5,,KA,0.0,0.0,0.0,29AAECM9636P1ZJ,39377,,,,,,,,,,,,,,,,,,,,,,,PPMP,,,,,,,,,,ON_HAND,1709.0,,,1000108960995,c3c65ba4-f42e-4c19-9b44-12d8f2db9339,,11328602093,,BRAND,STANDARD
100258445013,133754000168248196103,2026-08-02T14:37:10.000+05:30,2026-08-02 17:14:45,I2927SV000000862,MIASAEARR118063951,delivered,2026-08-08 11:30:00,2026-08-08 19:22:14,,,,,INR,340.0,340.0,0.0,630.0,231.0,Inter-State,3.0,9.9,0.0,0.0,1.6505,0.0,0.0,0.0,0.0,0.0,,,,,,,,,,,,,,,,,,,,,,,,,,,,,,,,,,,,,,,,,,,,,,,,Myntra Designs Pvt Ltd,71171990,Accessories,,MISS ASTUTE,Women,Earrings,ON_HAND,false,MYEC1113412107,4342bb13.6881.4dfb.89af.4fa122bce6feghgmqUaU39,142001,PB,3,0.0,0.0,330.1,0.5,0,0,0.0,0.0,,0.0,29ABGCS9514D1Z5,,KA,0.0,0.0,0.0,29AAECM9636P1ZJ,39377,,,,,,,,,,,,,,,,,,,,,,,PPMP,,,,,,,,,,ON_HAND,399.0,,,1000098946273,82b5b4d6-4046-442e-8725-e8310ec56bcb,,11313178264,,BRAND,STANDARD
100304872713,133971093862129602601,2026-08-27T17:39:27.000+05:30,2026-08-27 18:13:23,I2927SV000001034,MIASARING141828543,reverse_in_transit,2026-09-04 08:30:00,,,,release_rto_refund,,INR,471.0,471.0,0.0,855.0,325.0,Inter-State,3.0,13.72,0.0,0.0,2.2864,0.0,0.0,0.0,11.8,55.578,,,,,,,,,,,,,,,,,,,,,,,,,,,,,,,,,,,,,,,,,,,,,,,,Myntra Designs Pvt Ltd,71171910,Accessories,,MISS ASTUTE,Women,Ring,ON_HAND,false,MYEC1116855044,fef6667a.c45e.437a.9799.a6e3d9ab227fJ2RQYflTEk,210208,UP,3,0.0,0.0,457.28,0.5,0,0,0.0,0.0,,0.0,29ABGCS9514D1Z5,,KA,0.0,0.0,0.0,29AAECM9636P1ZJ,39377,,,,,,,,,,,,,,,,,,,,,,,PPMP,,,,,,,,,,ON_HAND,530.0,,,1000131378147,53734c4d-5e65-4d97-846d-47f2989ec124,,11359636575,,BRAND,BRAND
100281801707,133858410833293803601,2026-08-14T16:38:56.000+05:30,2026-08-14 23:17:43,I2927SV000000937,MIASAJWST129818469,reverse_in_transit,2026-08-21 11:30:00,2026-08-21 18:39:27,2026-08-25 23:09:14,,return_refund,,INR,978.0,978.0,0.0,1870.0,668.0,Inter-State,3.0,28.49,0.0,0.0,4.74755,0.0,0.0,0.0,17.7,173.106,,,,,,,,,,,,,,,,,,,,,,,,,,,,,,,,,,,,,,,,,,,,,,,,Myntra Designs Pvt Ltd,71171990,Accessories,,MISS ASTUTE,Women,Jewellery Set,ON_HAND,false,MYEC1115191231,737c88bd.96d6.49a1.920d.1f07a1068ef51sgsDmZq02,226016,UP,3,0.0,0.0,949.51,0.5,0,0,0.0,0.0,,0.0,29ABGCS9514D1Z5,,KA,0.0,0.0,0.0,29AAECM9636P1ZJ,39377,,,,,,,,,,,,,,,,,,,,,,,PPMP,,,,,,,,,,ON_HAND,1202.0,,,1000115383024,884ccd50-6614-4ff0-abef-ffb5aaa9a9cc,,11336545651,DLS,BRAND,BRAND
100275934012,133828238990502157503,2026-08-11T04:50:18.000+05:30,2026-08-11 12:28:38,I2927SV000000917,MIASABANG128581236,delivered,2026-08-17 11:30:00,2026-08-19 21:23:29,,,,,INR,385.0,385.0,0.0,799.0,355.0,Inter-State,3.0,11.21,0.0,0.0,1.8689500000000001,0.0,0.0,0.0,0.0,0.0,,,,,,,,,,,,,,,,,,,,,,,,,,,,,,,,,,,,,,,,,,,,,,,,Myntra Designs Pvt Ltd,71171910,Accessories,,MISS ASTUTE,Women,Bangle,ON_HAND,false,MYEC1114754827,0112ac51.67de.45f6.a208.2d99d62ed1ef6qWsyITLny,823001,BR,3,0.0,0.0,373.79,0.5,0,0,0.0,0.0,,0.0,29ABGCS9514D1Z5,,KA,0.0,0.0,0.0,29AAECM9636P1ZJ,39377,,,,,,,,,,,,,,,,,,,,,,,PPMP,,,,,,,,,,ON_HAND,444.0,,,1000111236498,4ea4a3a1-e864-4a99-9623-ba140ed317d0,,11330673029,,BRAND,STANDARD
100255509974,133741441351026465801,2026-08-01T03:44:01.000+05:30,2026-08-01 09:20:46,I2927SV000000847,MIASAEARR120379356,reverse_in_transit,2026-08-05 11:30:00,2026-08-06 00:57:08,2026-08-06 07:02:04,,return_refund,,INR,411.0,0.0,411.0,1000.0,530.0,Inter-State,3.0,11.97,0.0,0.0,1.99515,0.0,0.0,0.0,0.0,0.0,,,,,,,,,,,,,,,,,,,,,,,,,,,,,,,,,,,,,,,,,,,,,,,,Myntra Designs Pvt Ltd,71171990,Accessories,,MISS ASTUTE,Women,Earrings,ON_HAND,false,MYEP1129725021,ee6da001.1c3e.492b.97af.3388607180a4RQdszGmgdL,122004,HR,3,0.0,0.0,399.03,0.5,0,0,0.0,0.0,,0.0,29ABGCS9514D1Z5,,KA,0.0,0.0,0.0,29AAECM9636P1ZJ,39377,,,,,,,,,,,,,,,,,,,,,,,PPMP,,,,,,,,,,ON_HAND,470.0,,,1000096942044,411d501f-5507-457f-881f-0a809a13db0d,,11310242668,DLS,BRAND,STANDARD
100287568237,133884464608019015901,2026-08-17T17:01:14.000+05:30,2026-08-17 18:53:06,I2927SV000000962,MIASABANG141906971,delivered,2026-08-23 15:00:00,2026-08-22 22:46:44,,,,,INR,1291.0,1291.0,0.0,2450.0,935.0,Inter-State,3.0,37.6,0.0,0.0,6.267,0.0,0.0,0.0,15.34,198.039,,,,,,,,,,,,,,,,,,,,,,,,,,,,,,,,,,,,,,,,,,,,,,,,Myntra Designs Pvt Ltd,71171910,Accessories,,MISS ASTUTE,Women,Bangle,ON_HAND,false,SF3460294972F,96be923e.98e7.420e.a55d.f738e08a415a11nWP25vGV,421301,MH,3,0.0,0.0,1253.4,0.5,0,0,0.0,0.0,,0.0,29ABGCS9514D1Z5,,KA,0.0,0.0,0.0,29AAECM9636P1ZJ,39377,,,,,,,,,,,,,,,,,,,,,,,PPMP,,,,,,,,,,ON_HAND,1515.0,,,1000118678272,06266ba4-c555-439b-ad0c-40536d45d32e,,11342316971,,BRAND,BRAND
100263288743,133773962431776978203,2026-08-04T22:04:12.000+05:30,2026-08-04 23:19:16,I2927SV000000876,MIASAJWST141825779,reverse_in_transit,2026-08-07 11:30:00,2026-08-06 19:21:43,2026-08-10 01:26:07,,return_refund,,INR,1246.0000000000002,0.0,1246.0,3410.0,1808.0,Intra-State,3.0,0.0,18.15,18.15,0.0,3.0242500000000003,3.0242500000000003,0.0,18.88,235.245,,,,,,,,,,,,,,,,,,,,,,,,,,,,,,,,,,,,,,,,,,,,,,,,Myntra Designs Pvt Ltd,71171910,Accessories,,MISS ASTUTE,Women,Jewellery Set,ON_HAND,false,MYEP1130343899,dbae5db4.0677.4063.902a.f86a9fdb61c76yE28bHgAF,560037,KA,0.0,1.5,1.5,1209.7,0,0.25,0.25,0.0,0.0,,161.0,29ABGCS9514D1Z5,,KA,0.0,0.0,0.0,29AAECM9636P1ZJ,39377,,,,,,,,,,,,,,,,,,,,,,,PPMP,,,,,,,,,,ON_HAND,1441.0000000000002,,,1000102132476,0d4bc1cc-b77d-40c8-ade7-b71d87b330d7,,11318023020,DLS,BRAND,STANDARD
100289207841,133892456674495023201,2026-08-18T15:13:15.000+05:30,2026-08-18 18:43:28,I2927SV000000977,MIASANECK120998680,delivered,2026-08-28 11:30:00,2026-08-27 19:10:31,,,,,INR,534.0,39.999,494.001,1170.0,577.0,Inter-State,3.0,15.55,0.0,0.0,2.5922500000000004,0.0,0.0,0.0,11.8,63.012,,,,,,,,,,,,,,,,,,,,,,,,,,,,,,,,,,,,,,,,,,,,,,,,Myntra Designs Pvt Ltd,71171990,Accessories,,MISS ASTUTE,Women,Necklace and Chains,ON_HAND,false,MYEP1132520697,6f907c2a.f652.4155.9d36.3cc2028eed61S27MFLAYra,796014,MZ,3,0.0,0.0,518.45,0.5,0,0,0.0,0.0,,40.0,29ABGCS9514D1Z5,,KA,40.0,0.0,0.0,29AAECM9636P1ZJ,39377,,,,,,,,,,,,,,,,,,,,,,,PPMP,,,,,,,,,,ON_HAND,593.0,,,1000120118010,5b09f31e-f1f4-46dc-9842-d13494bf5aa6,,11343957586,,BRAND,BRAND
100259490566,133756907012415260303,2026-08-02T22:41:38.000+05:30,2026-08-03 00:56:59,I2927SV000000864,MIASAEARR130018538,delivered,2026-08-07 11:30:00,2026-08-08 17:06:44,,,,,INR,659.0,659.0,0.0,1400.0,647.0,Inter-State,3.0,19.19,0.0,0.0,3.1990499999999997,0.0,0.0,0.0,5.9,38.881,,,,,,,,,,,,,,,,,,,,,,,,,,,,,,,,,,,,,,,,,,,,,,,,Myntra Designs Pvt Ltd,71171990,Accessories,,MISS ASTUTE,Women,Earrings,ON_HAND,false,MYEC1113425836,65a8cbb7.f7dd.4385.9755.f650c88516e0aR7IgNhWek,110015,DL,3,0.0,0.0,639.81,0.5,0,0,0.0,0.0,,0.0,29ABGCS9514D1Z5,,KA,0.0,0.0,0.0,29AAECM9636P1ZJ,39377,,,,,,,,,,,,,,,,,,,,,,,PPMP,,,,,,,,,,ON_HAND,753.0,,,1000099208786,38bb846f-dc64-4c28-a291-29047930a2a4,,11314224016,,BRAND,STANDARD
100282718689,133862196904074003603,2026-08-15T03:09:57.000+05:30,2026-08-15 10:06:54,I2927SV000000947,MIASAEARR118063944,delivered,2026-08-19 11:30:00,2026-08-20 02:27:23,,,,,INR,392.0,0.0,392.0,585.0,158.0,Inter-State,3.0,11.42,0.0,0.0,1.9029,0.0,0.0,0.0,9.44,37.005,,,,,,,,,,,,,,,,,,,,,,,,,,,,,,,,,,,,,,,,,,,,,,,,Myntra Designs Pvt Ltd,71171990,Accessories,,MISS ASTUTE,Women,Earrings,ON_HAND,false,MYEP1131968999,ee53f6cd.02c1.4356.bfe8.2c708c0949defR6j0x96Rd,629002,TN,3,0.0,0.0,380.58,0.5,0,0,0.0,0.0,,0.0,29ABGCS9514D1Z5,,KA,0.0,0.0,0.0,29AAECM9636P1ZJ,39377,,,,,,,,,,,,,,,,,,,,,,,PPMP,,,,,,,,,,ON_HAND,427.0,,,1000115626055,c247d96f-ead1-4269-8c3b-6eb1fa6fdfb5,,11337462927,,BRAND,BRAND
100308597690,133994868845558717903,2026-08-30T11:41:56.000+05:30,2026-08-30 17:20:15,I2927SV000001058,MIASAJWST125040440,delivered,2026-09-05 11:30:00,2026-09-05 21:28:00,,,,,INR,509.0,509.0,0.0,1215.0,612.0,Inter-State,3.0,14.83,0.0,0.0,2.47085,0.0,0.0,0.0,11.8,60.062,,,,,,,,,,,,,,,,,,,,,,,,,,,,,,,,,,,,,,,,,,,,,,,,Myntra Designs Pvt Ltd,71171990,Accessories,,MISS ASTUTE,Women,Saree Accessories,ON_HAND,false,MYEC1117094336,8041b92f.2ad9.4368.b422.3e67a6676871eqIRGElyHv,751029,OR,3,0.0,0.0,494.17,0.5,0,0,0.0,0.0,,0.0,29ABGCS9514D1Z5,,KA,0.0,0.0,0.0,29AAECM9636P1ZJ,39377,,,,,,,,,,,,,,,,,,,,,,,PPMP,,,,,,,,,,ON_HAND,603.0,,,1000133895181,76b2b7fa-b35f-467a-b80d-a37668fcea23,,11363364515,,BRAND,BRAND
100266114121,133787546017353133703,2026-08-06T11:48:08.000+05:30,2026-08-06 13:16:15,I2927SV000000889,MIASANECK133394376,delivered,2026-08-12 11:30:00,2026-08-11 23:52:38,,,,,INR,440.0,440.0,0.0,849.0,350.0,Inter-State,3.0,12.82,0.0,0.0,2.1359,0.0,0.0,0.0,0.0,0.0,,,,,,,,,,,,,,,,,,,,,,,,,,,,,,,,,,,,,,,,,,,,,,,,Myntra Designs Pvt Ltd,71179090,Accessories,,MISS ASTUTE,Women,Necklace and Chains,ON_HAND,false,MYEC1114033032,072fd402.b1b3.4fff.a8ea.23694bd6f05bHiOogxKM0q,302021,RJ,3,0.0,0.0,427.18,0.5,0,0,0.0,0.0,,0.0,29ABGCS9514D1Z5,,KA,0.0,0.0,0.0,29AAECM9636P1ZJ,39377,,,,,,,,,,,,,,,,,,,,,,,PPMP,,,,,,,,,,ON_HAND,499.0,,,1000104397074,7b3e58ec-ad13-412c-af1f-24ce934ffa60,,11320849218,,BRAND,STANDARD
100308543522,133994664115828087101,2026-08-30T11:07:49.000+05:30,2026-08-30 17:24:08,I2927SV000001061,MIASARING139047859,reverse_in_transit,2026-09-04 11:30:00,2026-09-04 23:23:56,2026-09-09 21:32:59,,return_refund,,INR,277.0,0.0,277.0,544.0,232.0,Inter-State,3.0,8.07,0.0,0.0,1.3446500000000001,0.0,0.0,0.0,11.8,32.686,,,,,,,,,,,,,,,,,,,,,,,,,,,,,,,,,,,,,,,,,,,,,,,,Myntra Designs Pvt Ltd,71171990,Accessories,,MISS ASTUTE,Women,Ring,ON_HAND,false,MYEP1134059119,7173cfe3.2c6d.4b30.a02f.143682ee69aagbnH9DfxAz,122101,HR,3,0.0,0.0,268.93,0.5,0,0,0.0,0.0,,0.0,29ABGCS9514D1Z5,,KA,0.0,0.0,0.0,29AAECM9636P1ZJ,39377,,,,,,,,,,,,,,,,,,,,,,,PPMP,,,,,,,,,,ON_HAND,312.0,,,1000133897675,104240c0-8da5-4792-80fa-d8728de987ac,,11363310277,RL,BRAND,BRAND
100282103429,133859587673237508201,2026-08-14T19:55:05.000+05:30,2026-08-14 23:19:14,I2927SV000000940,MIASAEARR130526992,delivered,2026-08-21 11:30:00,2026-08-21 16:01:06,,,,,INR,820.0,0.0,820.0,1349.0,435.0,Inter-State,3.0,23.88,0.0,0.0,3.9806,0.0,0.0,0.0,9.44,77.408,,,,,,,,,,,,,,,,,,,,,,,,,,,,,,,,,,,,,,,,,,,,,,,,Myntra Designs Pvt Ltd,71171990,Accessories,,MISS ASTUTE,Women,Earrings,ON_HAND,false,MYEP1131950800,a664d928.d8a2.4393.80a1.d294b615dfdbXFc1L2gqWt,410206,MH,3,0.0,0.0,796.12,0.5,0,0,0.0,0.0,,0.0,29ABGCS9514D1Z5,,KA,0.0,0.0,0.0,29AAECM9636P1ZJ,39377,,,,,,,,,,,,,,,,,,,,,,,PPMP,,,,,,,,,,ON_HAND,914.0,,,1000115383707,61b02881-1ff9-475a-ae72-74b2363335a0,,11336847656,,BRAND,BRAND
100304610939,133969772728436655603,2026-08-27T13:59:15.000+05:30,2026-08-27 18:13:03,I2927SV000001033,MIASABANG121198875,delivered,2026-09-01 11:30:00,2026-09-02 23:53:19,,,,,INR,992.0,0.0,992.0,2129.0,1043.0,Inter-State,3.0,28.89,0.0,0.0,4.81555,0.0,0.0,0.0,9.44,93.645,,,,,,,,,,,,,,,,,,,,,,,,,,,,,,,,,,,,,,,,,,,,,,,,Myntra Designs Pvt Ltd,71171990,Accessories,,MISS ASTUTE,Women,Bangle,ON_HAND,false,MYEP1133816112,8ca67f1b.3cd5.421f.a7d7.c59314aab1dc9koxkuH7Cu,110092,DL,3,0.0,0.0,963.11,0.5,0,0,0.0,0.0,,0.0,29ABGCS9514D1Z5,,KA,0.0,0.0,0.0,29AAECM9636P1ZJ,39377,,,,,,,,,,,,,,,,,,,,,,,PPMP,,,,,,,,,,ON_HAND,1086.0,,,1000131378012,be92b020-5620-46be-87e3-aa1bfe141c6a,,11359374273,,BRAND,BRAND
100289207843,133892456674495023201,2026-08-18T15:13:15.000+05:30,2026-08-18 18:42:21,I2927SV000000976,MIASANECK120998680,delivered,2026-08-28 11:30:00,2026-08-27 19:10:33,,,,,INR,534.0,39.999,494.001,1170.0,577.0,Inter-State,3.0,15.55,0.0,0.0,2.5922500000000004,0.0,0.0,0.0,11.8,63.012,,,,,,,,,,,,,,,,,,,,,,,,,,,,,,,,,,,,,,,,,,,,,,,,Myntra Designs Pvt Ltd,71171990,Accessories,,MISS ASTUTE,Women,Necklace and Chains,ON_HAND,false,MYEP1132520390,6f907c2a.f652.4155.9d36.3cc2028eed61S27MFLAYra,796014,MZ,3,0.0,0.0,518.45,0.5,0,0,0.0,0.0,,40.0,29ABGCS9514D1Z5,,KA,40.0,0.0,0.0,29AAECM9636P1ZJ,39377,,,,,,,,,,,,,,,,,,,,,,,PPMP,,,,,,,,,,ON_HAND,593.0,,,1000120117514,b01e2625-69fb-4bb1-b635-3b0c58aba0b0,,11343957588,,BRAND,BRAND
100282086679,133859528143657376003,2026-08-14T19:45:09.000+05:30,2026-08-14 23:18:45,I2927SV000000939,MIASAJWST129818470,delivered,2026-08-19 11:30:00,2026-08-20 00:09:03,,,,,INR,1886.0,1886.0,0.0,3350.0,1116.0,Inter-State,3.0,54.93,0.0,0.0,9.15535,0.0,0.0,0.0,11.8,222.548,,,,,,,,,,,,,,,,,,,,,,,,,,,,,,,,,,,,,,,,,,,,,,,,Myntra Designs Pvt Ltd,71171990,Accessories,,MISS ASTUTE,Women,Jewellery Set,ON_HAND,false,MYEC1115191383,fe975905.4bb6.4c77.9b73.09bb0c9dfd34KDNf4pcW5m,600010,TN,3,0.0,0.0,1831.07,0.5,0,0,0.0,0.0,,0.0,29ABGCS9514D1Z5,,KA,0.0,0.0,0.0,29AAECM9636P1ZJ,39377,,,,,,,,,,,,,,,,,,,,,,,PPMP,,,,,,,,,,ON_HAND,2234.0,,,1000115383487,74bdde32-89e3-4436-8e71-2c48b60a02bf,,11336830906,,BRAND,BRAND
100310738531,134005329345327987003,2026-08-31T16:45:21.000+05:30,2026-08-31 18:26:10,I2927SV000001071,MIASAEARR118063950,delivered,2026-09-05 11:30:00,2026-09-05 18:47:22,,,,,INR,376.0,376.0,0.0,720.0,309.0,Inter-State,3.0,10.95,0.0,0.0,1.82525,0.0,0.0,0.0,9.44,35.494,,,,,,,,,,,,,,,,,,,,,,,,,,,,,,,,,,,,,,,,,,,,,,,,Myntra Designs Pvt Ltd,71171990,Accessories,,MISS ASTUTE,Women,Earrings,ON_HAND,false,MYEC1117251955,ebf3d777.2eff.4633.ab0a.641dda793f55XGQK8FbGHj,492001,CT,3,0.0,0.0,365.05,0.5,0,0,0.0,0.0,,0.0,29ABGCS9514D1Z5,,KA,0.0,0.0,0.0,29AAECM9636P1ZJ,39377,,,,,,,,,,,,,,,,,,,,,,,PPMP,,,,,,,,,,ON_HAND,411.0,,,1000135237167,67ea3088-86d6-437e-96c4-91c5a4fcc770,,11365506351,,BRAND,BRAND
100295765778,133922265390990791903,2026-08-22T02:01:22.000+05:30,2026-08-22 02:04:03,I2927SV000001009,MIASABANG141906974,reverse_in_transit,2026-08-29 11:30:00,2026-08-26 16:31:33,2026-09-03 03:03:11,,exchange,,INR,1231.0,0.0,1231.0,2450.0,995.0,Inter-State,3.0,35.85,0.0,0.0,5.975750000000001,0.0,0.0,0.0,15.34,188.835,,,,,,,,,,,,,,,,,,,,,,,,,,,,,,,,,,,,,,,,,,,,,,,,Myntra Designs Pvt Ltd,71171910,Accessories,,MISS ASTUTE,Women,Bangle,ON_HAND,false,MYEP1133039899,114f645f.4875.4bfe.a2b5.5071e74d26965MIyfoDl3w,411057,MH,3,0.0,0.0,1195.15,0.5,0,0,0.0,0.0,,0.0,29ABGCS9514D1Z5,,KA,0.0,0.0,0.0,29AAECM9636P1ZJ,39377,,,,,,,,,,,,,,,,,,,,,,,PPMP,,,,,,,,,,ON_HAND,1455.0,,,1000124491292,3f7955d8-0cf4-4b04-bc67-69ec2d7abda4,,11350521055,RL,BRAND,BRAND
100290336090,133897067575561335601,2026-08-19T04:01:44.000+05:30,2026-08-19 10:51:41,I2927SV000000982,MIASAEARR132266270,delivered,2026-08-25 11:30:00,2026-08-24 19:03:58,,,,,INR,765.0,765.0,0.0,1750.0,891.0,Inter-State,3.0,22.28,0.0,0.0,3.7136,0.0,0.0,0.0,9.44,72.216,,,,,,,,,,,,,,,,,,,,,,,,,,,,,,,,,,,,,,,,,,,,,,,,Myntra Designs Pvt Ltd,71171100,Accessories,,MISS ASTUTE,Women,Earrings,ON_HAND,false,MYEC1115757665,394f091b.d395.4ec4.8e15.b711f5f2e6edq1ZrM0lA6D,462001,MP,3,0.0,0.0,742.72,0.5,0,0,0.0,0.0,,0.0,29ABGCS9514D1Z5,,KA,0.0,0.0,0.0,29AAECM9636P1ZJ,39377,,,,,,,,,,,,,,,,,,,,,,,PPMP,,,,,,,,,,ON_HAND,859.0,,,1000120895438,cd95a5df-24a9-4149-9c76-5c60bb36768d,,11345086602,,BRAND,BRAND
100288707893,133890629241201153601,2026-08-18T10:08:40.000+05:30,2026-08-18 13:32:28,I2927SV000000971,MIASAJWST133408053,delivered,2026-08-20 11:30:00,2026-08-20 16:50:23,,,,,INR,1011.0,1011.0,0.0,2394.0,1159.0,Intra-State,3.0,0.0,14.72,14.72,0.0,2.4539,2.4539,0.0,17.7,178.947,,,,,,,,,,,,,,,,,,,,,,,,,,,,,,,,,,,,,,,,,,,,,,,,Myntra Designs Pvt Ltd,71171990,Accessories,,MISS ASTUTE,Women,Jewellery Set,ON_HAND,false,MYEC1115641767,c180c71c.987c.4b34.a6f7.46a3cecef905FpXE9mSy9q,580001,KA,0.0,1.5,1.5,981.56,0,0.25,0.25,0.0,0.0,,0.0,29ABGCS9514D1Z5,,KA,0.0,0.0,0.0,29AAECM9636P1ZJ,39377,,,,,,,,,,,,,,,,,,,,,,,PPMP,,,,,,,,,,ON_HAND,1235.0,,,1000119793873,ab73f0e4-aa2f-4351-85ea-68b9d80c981d,,11343457274,,BRAND,BRAND
100264246000,133779222940754741301,2026-08-05T12:40:57.000+05:30,2026-08-05 12:44:46,I2927SV000000883,MIASAEARR120379360,delivered,2026-08-11 11:30:00,2026-08-10 01:54:32,,,,,INR,698.0,0.0,698.0,1320.0,528.0,Inter-State,3.0,20.33,0.0,0.0,3.38835,0.0,0.0,0.0,5.9,41.182,,,,,,,,,,,,,,,,,,,,,,,,,,,,,,,,,,,,,,,,,,,,,,,,Myntra Designs Pvt Ltd,71171990,Accessories,,MISS ASTUTE,Women,Earrings,ON_HAND,false,MYEP1130460166,2a523136.9e41.4f6d.8e0d.9d69a19b188flyrVzvaz4q,122006,HR,3,0.0,0.0,677.67,0.5,0,0,0.0,0.0,,0.0,29ABGCS9514D1Z5,,KA,0.0,0.0,0.0,29AAECM9636P1ZJ,39377,,,,,,,,,,,,,,,,,,,,,,,PPMP,,,,,,,,,,ON_HAND,792.0,,,1000102992574,0f6b03cd-6bf5-4838-8fc1-74768b84c103,,11318980550,,BRAND,STANDARD
100271620320,133808994418379356703,2026-08-08T23:22:52.000+05:30,2026-08-08 23:51:01,I2927SV000000898,MIASAANKL134956771,delivered,2026-08-14 11:30:00,2026-08-14 18:11:29,,,,,INR,1441.0,0.0,1441.0,2688.0,1076.0,Inter-State,3.0,41.97,0.0,0.0,6.99515,0.0,0.0,0.0,17.7,255.057,,,,,,,,,,,,,,,,,,,,,,,,,,,,,,,,,,,,,,,,,,,,,,,,Myntra Designs Pvt Ltd,71171910,Accessories,,MISS ASTUTE,Women,Anklet,ON_HAND,false,MYEP1130996010,dc8c0bfb.d98b.46b5.acfc.5982f3124a95pNYwBVr9RZ,301707,RJ,3,0.0,0.0,1399.03,0.5,0,0,0.0,0.0,,0.0,29ABGCS9514D1Z5,,KA,0.0,0.0,0.0,29AAECM9636P1ZJ,39377,,,,,,,,,,,,,,,,,,,,,,,PPMP,,,,,,,,,,ON_HAND,1612.0,,,1000107692111,5520f035-9d9c-4422-bab4-5fcc97afaa23,,11326357419,,STANDARD,STANDARD
100306096920,133979256338025160501,2026-08-28T16:19:51.000+05:30,2026-08-28 22:32:43,I2927SV000001042,MIASARING120965392,reverse_in_transit,2026-09-02 11:30:00,2026-09-03 01:29:47,2026-09-08 03:55:13,,return_refund,,INR,677.0,0.0,677.0,1560.0,824.0,Inter-State,3.0,19.72,0.0,0.0,3.2864,0.0,0.0,0.0,11.8,79.886,,,,,,,,,,,,,,,,,,,,,,,,,,,,,,,,,,,,,,,,,,,,,,,,Myntra Designs Pvt Ltd,71171990,Accessories,,MISS ASTUTE,Women,Ring,ON_HAND,false,MYEP1133869410,b8981557.3044.4afe.b2ef.e9f9ad101bf924LxPcGudo,226010,UP,3,0.0,0.0,657.28,0.5,0,0,0.0,0.0,,0.0,29ABGCS9514D1Z5,,KA,0.0,0.0,0.0,29AAECM9636P1ZJ,39377,,,,,,,,,,,,,,,,,,,,,,,PPMP,,,,,,,,,,ON_HAND,736.0,,,1000132063829,001dc5af-5f09-4aa7-9755-b990af21044a,,11360861926,DLS,BRAND,BRAND
100281859239,133858642635634245203,2026-08-14T17:17:34.000+05:30,2026-08-14 23:18:10,I2927SV000000938,MIASAJWST120021446,delivered,2026-08-24 11:30:00,2026-08-23 16:40:51,,,,,INR,432.0,432.0,0.0,1440.0,973.0,Inter-State,3.0,12.58,0.0,0.0,2.0971,0.0,0.0,0.0,17.7,76.464,,,,,,,,,,,,,,,,,,,,,,,,,,,,,,,,,,,,,,,,,,,,,,,,Myntra Designs Pvt Ltd,71171990,Accessories,,MISS ASTUTE,Women,Jewellery Set,ON_HAND,false,MYEC1115191596,941f4632.ee4f.490b.abc4.b4d1716c14f1o5G33IOjYG,175125,HP,3,0.0,0.0,419.42,0.5,0,0,0.0,0.0,,0.0,29ABGCS9514D1Z5,,KA,0.0,0.0,0.0,29AAECM9636P1ZJ,39377,,,,,,,,,,,,,,,,,,,,,,,PPMP,,,,,,,,,,ON_HAND,467.0,,,1000115383217,83c11269-e202-40a8-b219-9b0d5e94d96e,,11336603280,,BRAND,BRAND
100291494042,133902730357304019903,2026-08-19T19:45:32.000+05:30,2026-08-19 19:52:15,I2927SV000000989,MIASAEARR122421944,reverse_in_transit,2026-08-25 11:30:00,,,,release_rto_refund,,INR,736.0,0.0,736.0,1955.0,1125.0,Inter-State,3.0,21.44,0.0,0.0,3.5728,0.0,0.0,0.0,9.44,69.478,,,,,,,,,,,,,,,,,,,,,,,,,,,,,,,,,,,,,,,,,,,,,,,,Myntra Designs Pvt Ltd,71171990,Accessories,,MISS ASTUTE,Women,Earrings,ON_HAND,false,MYEP1132701965,007bed1c.ac73.451f.96e9.32f56c3b3113ooycTBL6Go,140306,PB,3,0.0,0.0,714.56,0.5,0,0,0.0,0.0,,0.0,29ABGCS9514D1Z5,,KA,0.0,0.0,0.0,29AAECM9636P1ZJ,39377,,,,,,,,,,,,,,,,,,,,,,,PPMP,,,,,,,,,,ON_HAND,830.0,,,1000121560388,4521a2e5-ce59-499d-9655-f927a7712849,,11346246165,,BRAND,BRAND
100298301771,133934830054031194801,2026-08-23T12:55:28.000+05:30,2026-08-23 15:53:50,I2927SV000001016,MIASAEARR130526990,delivered,2026-09-02 11:30:00,2026-09-01 01:06:12,,,,,INR,392.0,0.0,392.0,595.0,168.0,Inter-State,3.0,11.42,0.0,0.0,1.9029,0.0,0.0,0.0,9.44,37.005,,,,,,,,,,,,,,,,,,,,,,,,,,,,,,,,,,,,,,,,,,,,,,,,Myntra Designs Pvt Ltd,71171990,Accessories,,MISS ASTUTE,Women,Earrings,ON_HAND,false,MYEP1133277141,dab316a1.548b.4496.8bf5.d741a600a76bLnFQlru5Sw,788006,AS,3,0.0,0.0,380.58,0.5,0,0,0.0,0.0,,0.0,29ABGCS9514D1Z5,,KA,0.0,0.0,0.0,29AAECM9636P1ZJ,39377,,,,,,,,,,,,,,,,,,,,,,,PPMP,,,,,,,,,,ON_HAND,427.0,,,1000126615718,3b9576a5-02cf-4f29-9d35-bb9b83420484,,11353059423,,BRAND,BRAND
100279042717,133843611524988095603,2026-08-12T23:32:23.000+05:30,2026-08-12 23:50:20,I2927SV000000927,MIASAANKL134956771,delivered,2026-08-16 11:30:00,2026-08-14 19:44:25,,,,,INR,1548.0,0.0,1548.0,2688.0,969.0,Intra-State,3.0,0.0,22.54,22.54,0.0,3.7573000000000003,3.7573000000000003,0.0,17.7,273.996,,,,,,,,,,,,,,,,,,,,,,,,,,,,,,,,,,,,,,,,,,,,,,,,Myntra Designs Pvt Ltd,71171910,Accessories,,MISS ASTUTE,Women,Anklet,ON_HAND,false,MYEP1131654622,2a8eb20c.5bea.49f5.ac50.cf6637f8278eMdRSdEEmj1,560094,KA,0.0,1.5,1.5,1502.92,0,0.25,0.25,0.0,0.0,,0.0,29ABGCS9514D1Z5,,KA,0.0,0.0,0.0,29AAECM9636P1ZJ,39377,,,,,,,,,,,,,,,,,,,,,,,PPMP,,,,,,,,,,ON_HAND,1719.0,,,1000112951035,6201610b-5146-48a7-a1fc-889f66f12694,,11333784069,,STANDARD,STANDARD
100282819358,133864086771789489001,2026-08-15T08:24:56.000+05:30,2026-08-15 10:02:31,I2927SV000000943,MIASAJWST129818478,delivered,2026-08-21 11:30:00,2026-08-20 22:28:13,,,,,INR,2004.0,0.0,2004.0,3350.0,998.0,Inter-State,3.0,58.37,0.0,0.0,9.728150000000001,0.0,0.0,0.0,11.8,236.472,,,,,,,,,,,,,,,,,,,,,,,,,,,,,,,,,,,,,,,,,,,,,,,,Myntra Designs Pvt Ltd,71171990,Accessories,,MISS ASTUTE,Women,Jewellery Set,ON_HAND,false,MYEP1131967838,417c0309.e426.469a.8189.2a3a3535d1011bBQvz3jBl,421202,MH,3,0.0,0.0,1945.63,0.5,0,0,0.0,0.0,,0.0,29ABGCS9514D1Z5,,KA,0.0,0.0,0.0,29AAECM9636P1ZJ,39377,,,,,,,,,,,,,,,,,,,,,,,PPMP,,,,,,,,,,ON_HAND,2352.0,,,1000115620230,e2155037-fdb0-4236-a1b8-e3e9253a6bc6,,11337563596,,BRAND,BRAND
100280773529,133852431948130714201,2026-08-14T00:02:27.000+05:30,2026-08-14 08:57:06,I2927SV000000936,MIASAANKL134956771,reverse_in_transit,2026-08-18 11:30:00,2026-08-18 21:10:48,2026-08-21 00:36:48,,return_refund,,INR,1385.0,0.0,1385.0,2688.0,1079.0,Inter-State,3.0,40.34,0.0,0.0,6.723300000000001,0.0,0.0,0.0,11.8,163.43,,,,,,,,,,,,,,,,,,,,,,,,,,,,,,,,,,,,,,,,,,,,,,,,Myntra Designs Pvt Ltd,71171910,Accessories,,MISS ASTUTE,Women,Anklet,ON_HAND,false,MYEP1131819061,53927ae1.c8a0.478d.ab61.dfbe838d37c2PP0jS3oNYt,491995,CT,3,0.0,0.0,1344.66,0.5,0,0,0.0,0.0,,0.0,29ABGCS9514D1Z5,,KA,0.0,0.0,0.0,29AAECM9636P1ZJ,39377,,,,,,,,,,,,,,,,,,,,,,,PPMP,,,,,,,,,,ON_HAND,1609.0,,,1000114351805,6fb4b824-a9d8-460e-a622-d4b1513e5983,,11335516260,DLS,BRAND,BRAND
100306420397,133980939596404649801,2026-08-28T21:00:24.000+05:30,2026-08-28 22:32:12,I2927SV000001040,MIASAEARR122421936,reverse_in_transit,2026-09-04 11:30:00,2026-09-03 19:12:28,2026-09-06 05:53:22,,return_refund,,INR,961.0,0.0,961.0,2720.0,1665.0,Inter-State,3.0,27.99,0.0,0.0,4.66505,0.0,0.0,0.0,9.44,90.718,,,,,,,,,,,,,,,,,,,,,,,,,,,,,,,,,,,,,,,,,,,,,,,,Myntra Designs Pvt Ltd,71171990,Accessories,,MISS ASTUTE,Women,Earrings,ON_HAND,false,MYEP1133869884,6eef3f23.71ea.4a35.962d.91cfbd112972pSmyMwGXd4,462026,MP,3,0.0,0.0,933.01,0.5,0,0,0.0,0.0,,0.0,29ABGCS9514D1Z5,,KA,0.0,0.0,0.0,29AAECM9636P1ZJ,39377,,,,,,,,,,,,,,,,,,,,,,,PPMP,,,,,,,,,,ON_HAND,1055.0,,,1000132063588,c85da500-b607-4452-b559-433d0ca67d42,,11361185757,DLS,BRAND,BRAND
100288568476,133889906861423554703,2026-08-18T08:08:17.000+05:30,2026-08-18 13:32:09,I2927SV000000970,MIASAJWST129818478,reverse_in_transit,2026-08-21 11:30:00,2026-08-21 14:46:05,2026-08-28 22:00:16,,return_refund,,INR,2004.0,0.0,2004.0,3350.0,998.0,Inter-State,3.0,58.37,0.0,0.0,9.728150000000001,0.0,0.0,0.0,11.8,236.472,,,,,,,,,,,,,,,,,,,,,,,,,,,,,,,,,,,,,,,,,,,,,,,,Myntra Designs Pvt Ltd,71171990,Accessories,,MISS ASTUTE,Women,Jewellery Set,ON_HAND,false,MYEP1132483697,3f1ca383.25bb.4db3.9bc3.c11b720c3de1F26s6XBI3K,502295,TG,3,0.0,0.0,1945.63,0.5,0,0,0.0,0.0,,0.0,29ABGCS9514D1Z5,,KA,0.0,0.0,0.0,29AAECM9636P1ZJ,39377,,,,,,,,,,,,,,,,,,,,,,,PPMP,,,,,,,,,,ON_HAND,2352.0,,,1000119793359,9a89f00e-d3e6-4324-9986-356383ceb3bc,,11343317426,DLS,BRAND,BRAND
100279229409,133844731846023847301,2026-08-13T02:39:06.000+05:30,2026-08-13 11:15:44,I2927SV000000928,MIASAJWST129818471,reverse_in_transit,2026-08-18 11:30:00,2026-08-17 21:27:05,2026-08-23 21:50:38,,return_refund,,INR,1708.0,0.0,1708.0,2975.0,1072.0,Inter-State,3.0,49.75,0.0,0.0,8.29125,0.0,0.0,0.0,11.8,201.544,,,,,,,,,,,,,,,,,,,,,,,,,,,,,,,,,,,,,,,,,,,,,,,,Myntra Designs Pvt Ltd,71171990,Accessories,,MISS ASTUTE,Women,Jewellery Set,ON_HAND,false,MYEP1131732089,6573ec5c.c3f3.47fa.9b80.7de99fe9a097fBWli1IYnU,212601,UP,3,0.0,0.0,1658.25,0.5,0,0,0.0,0.0,,0.0,29ABGCS9514D1Z5,,KA,0.0,0.0,0.0,29AAECM9636P1ZJ,39377,,,,,,,,,,,,,,,,,,,,,,,PPMP,,,,,,,,,,ON_HAND,1903.0,,,1000113507606,1c7d86b7-88b8-4dae-ae99-be30673df0db,,11333970762,DLS,BRAND,BRAND
100296264881,133926031263248314701,2026-08-22T12:29:01.000+05:30,2026-08-22 14:13:52,I2927SV000001013,MIASABANG128581236,delivered,2026-08-23 11:30:00,2026-08-23 18:31:53,,,,,INR,404.0,404.0,0.0,799.0,360.0,Intra-State,3.0,0.0,5.88,5.88,0.0,0.9806,0.9806,0.0,9.44,38.138,,,,,,,,,,,,,,,,,,,,,,,,,,,,,,,,,,,,,,,,,,,,,,,,Myntra Designs Pvt Ltd,71171910,Accessories,,MISS ASTUTE,Women,Bangle,ON_HAND,false,MYEC1116251886,e8cf2217.d3f6.480a.b1d5.f15d3019649ea1K84x4lE2,560068,KA,0.0,1.5,1.5,392.24,0,0.25,0.25,0.0,0.0,,0.0,29ABGCS9514D1Z5,,KA,0.0,0.0,0.0,29AAECM9636P1ZJ,39377,,,,,,,,,,,,,,,,,,,,,,,PPMP,,,,,,,,,,ON_HAND,439.0,,,1000125338528,7394c183-c298-4b7c-b62e-a55ec2651c57,,11351020914,,BRAND,BRAND
100280924897,133853383083419630803,2026-08-14T02:40:59.000+05:30,2026-08-14 08:55:32,I2927SV000000934,MIASARING120965392,delivered,2026-08-19 11:30:00,2026-08-19 18:27:24,,,,,INR,677.0,677.0,0.0,1560.0,789.0,Inter-State,3.0,19.72,0.0,0.0,3.2864,0.0,0.0,0.0,11.8,79.886,,,,,,,,,,,,,,,,,,,,,,,,,,,,,,,,,,,,,,,,,,,,,,,,Myntra Designs Pvt Ltd,71171990,Accessories,,MISS ASTUTE,Women,Ring,ON_HAND,false,MYEC1115072822,799482ad.d438.4692.87c1.f667d001cc27TdTRmz7IJY,222138,UP,3,0.0,0.0,657.28,0.5,0,0,0.0,0.0,,0.0,29ABGCS9514D1Z5,,KA,0.0,0.0,0.0,29AAECM9636P1ZJ,39377,,,,,,,,,,,,,,,,,,,,,,,PPMP,,,,,,,,,,ON_HAND,771.0,,,1000114350424,fba9162b-4431-4cb1-8900-c70b0347968f,,11335667630,,BRAND,BRAND
100291799263,133903709162030484703,2026-08-19T22:28:40.000+05:30,2026-08-19 22:46:02,I2927SV000000990,MIASAANKL134956771,delivered,2026-08-21 11:30:00,2026-08-21 21:01:41,,,,,INR,1438.0,17.0,1421.0,2688.0,1026.0,Intra-State,3.0,0.0,20.94,20.94,0.0,3.4903,3.4903,0.0,11.8,169.684,,,,,,,,,,,,,,,,,,,,,,,,,,,,,,,,,,,,,,,,,,,,,,,,Myntra Designs Pvt Ltd,71171910,Accessories,,MISS ASTUTE,Women,Anklet,ON_HAND,false,MYEP1132707422,aaa9fb63.82e1.4269.80b5.6c06fa40fd66rsN8k9yDdJ,560011,KA,0.0,1.5,1.5,1396.12,0,0.25,0.25,0.0,0.0,,17.0,29ABGCS9514D1Z5,,KA,17.0,0.0,0.0,29AAECM9636P1ZJ,39377,,,,,,,,,,,,,,,,,,,,,,,PPMP,,,,,,,,,,ON_HAND,1662.0,,,1000121670650,7b7bef51-2dd6-4fe5-92bf-6fd2158d0864,,11346551392,,BRAND,BRAND
100276795307,133832898479023898701,2026-08-11T17:46:53.000+05:30,2026-08-11 19:51:07,I2927SV000000919,MIASABANG128581246,reverse_in_transit,2026-08-17 11:30:00,2026-08-18 19:47:47,2026-08-27 00:58:38,,return_refund,,INR,673.0,0.0,673.0,1299.0,532.0,Inter-State,3.0,19.6,0.0,0.0,3.267,0.0,0.0,0.0,5.9,39.707,,,,,,,,,,,,,,,,,,,,,,,,,,,,,,,,,,,,,,,,,,,,,,,,Myntra Designs Pvt Ltd,71171910,Accessories,,MISS ASTUTE,Women,Bangle,ON_HAND,false,MYEP1131500547,a2a42098.5cb4.4501.ba45.c623d94a44beC3EwpDRich,302001,RJ,3,0.0,0.0,653.4,0.5,0,0,0.0,0.0,,0.0,29ABGCS9514D1Z5,,KA,0.0,0.0,0.0,29AAECM9636P1ZJ,39377,,,,,,,,,,,,,,,,,,,,,,,PPMP,,,,,,,,,,ON_HAND,767.0,,,1000111632435,ed9388d8-3423-4c6e-ae35-c509240e45fb,,11331535330,DLS,BRAND,STANDARD
100308338844,133993530152410751403,2026-08-30T07:58:49.000+05:30,2026-08-30 17:23:28,I2927SV000001060,MIASARING120965391,reverse_in_transit,2026-09-04 11:30:00,2026-09-04 19:45:24,2026-09-05 14:06:43,,return_refund,,INR,677.0,0.0,677.0,1560.0,789.0,Inter-State,3.0,19.72,0.0,0.0,3.2864,0.0,0.0,0.0,11.8,79.886,,,,,,,,,,,,,,,,,,,,,,,,,,,,,,,,,,,,,,,,,,,,,,,,Myntra Designs Pvt Ltd,71171990,Accessories,,MISS ASTUTE,Women,Ring,ON_HAND,false,MYEP1134059460,7b2133db.79c5.487a.b5e7.4811c5d95df0ELY0x7UYfo,410209,MH,3,0.0,0.0,657.28,0.5,0,0,0.0,0.0,,0.0,29ABGCS9514D1Z5,,KA,0.0,0.0,0.0,29AAECM9636P1ZJ,39377,,,,,,,,,,,,,,,,,,,,,,,PPMP,,,,,,,,,,ON_HAND,771.0,,,1000133897233,64ebb4e3-9fe4-4f36-bd86-585a403fd886,,11363105242,DLS,BRAND,BRAND
100309449449,133997943772901431001,2026-08-30T20:14:26.000+05:30,2026-08-30 23:28:13,I2927SV000001067,MIASAEARR141783612,delivered,2026-09-02 11:30:00,2026-09-02 17:11:03,,,,,INR,1023.0,1023.0,0.0,2160.0,966.0,Inter-State,3.0,29.8,0.0,0.0,4.966,0.0,0.0,0.0,9.44,96.571,,,,,,,,,,,,,,,,,,,,,,,,,,,,,,,,,,,,,,,,,,,,,,,,Myntra Designs Pvt Ltd,71171910,Accessories,,MISS ASTUTE,Women,Earrings,ON_HAND,false,MYEC1117102658,061b9810.0fbb.45c5.9db6.55824abd8e2fIB5HetfMkD,682036,KL,3,0.0,0.0,993.2,0.5,0,0,0.0,0.0,,0.0,29ABGCS9514D1Z5,,KA,0.0,0.0,0.0,29AAECM9636P1ZJ,39377,,,,,,,,,,,,,,,,,,,,,,,PPMP,,,,,,,,,,ON_HAND,1194.0,,,1000134067406,45c8449a-eeb9-46ec-b601-00a84d62023b,,11364216748,,BRAND,BRAND
100282718687,133862196904074003603,2026-08-15T03:09:57.000+05:30,2026-08-15 10:03:19,I2927SV000000944,MIASAEARR118063940,delivered,2026-08-19 11:30:00,2026-08-20 02:27:22,,,,,INR,263.0,0.0,263.0,585.0,287.0,Inter-State,3.0,7.66,0.0,0.0,1.2767,0.0,0.0,0.0,9.44,24.827,,,,,,,,,,,,,,,,,,,,,,,,,,,,,,,,,,,,,,,,,,,,,,,,Myntra Designs Pvt Ltd,71171990,Accessories,,MISS ASTUTE,Women,Earrings,ON_HAND,false,MYEP1131967912,ee53f6cd.02c1.4356.bfe8.2c708c0949defR6j0x96Rd,629002,TN,3,0.0,0.0,255.34,0.5,0,0,0.0,0.0,,0.0,29ABGCS9514D1Z5,,KA,0.0,0.0,0.0,29AAECM9636P1ZJ,39377,,,,,,,,,,,,,,,,,,,,,,,PPMP,,,,,,,,,,ON_HAND,298.0,,,1000115621276,dac0d6b4-9214-4bd1-b9b9-ee0482af1e6f,,11337462925,,BRAND,BRAND
100306705355,133982323915779936703,2026-08-29T00:51:07.000+05:30,2026-08-29 00:55:08,I2927SV000001044,MIASAEARR122421936,delivered,2026-09-02 11:30:00,2026-09-02 20:34:07,,,,,INR,961.0,0.0,961.0,2720.0,1665.0,Inter-State,3.0,27.99,0.0,0.0,4.66505,0.0,0.0,0.0,9.44,90.718,,,,,,,,,,,,,,,,,,,,,,,,,,,,,,,,,,,,,,,,,,,,,,,,Myntra Designs Pvt Ltd,71171990,Accessories,,MISS ASTUTE,Women,Earrings,ON_HAND,false,MYEP1133871937,20eabaf1.c250.4b38.82dd.c641ad9e43aegVIj9R2NJQ,400067,MH,3,0.0,0.0,933.01,0.5,0,0,0.0,0.0,,0.0,29ABGCS9514D1Z5,,KA,0.0,0.0,0.0,29AAECM9636P1ZJ,39377,,,,,,,,,,,,,,,,,,,,,,,PPMP,,,,,,,,,,ON_HAND,1055.0,,,1000132115396,f18ebb21-6b8a-4d8a-863e-10e63722916a,,11361470716,,BRAND,BRAND
100287591991,133884562427648869501,2026-08-17T17:17:32.000+05:30,2026-08-17 18:52:41,I2927SV000000961,MIASAJWST129818474,reverse_in_transit,2026-08-20 11:30:00,2026-08-22 22:28:06,2026-08-24 15:21:07,,return_refund,,INR,1707.9999999999998,0.0,1708.0,2975.0,1043.0,Intra-State,3.0,0.0,24.87,24.87,0.0,4.14565,4.14565,0.0,11.8,201.544,,,,,,,,,,,,,,,,,,,,,,,,,,,,,,,,,,,,,,,,,,,,,,,,Myntra Designs Pvt Ltd,71171990,Accessories,,MISS ASTUTE,Women,Jewellery Set,ON_HAND,false,MYEP1132334880,7a5d4eff.a9b7.4b24.a613.0d25d1d310ceACpt8p4wOb,580029,KA,0.0,1.5,1.5,1658.26,0,0.25,0.25,0.0,0.0,,0.0,29ABGCS9514D1Z5,,KA,0.0,0.0,0.0,29AAECM9636P1ZJ,39377,,,,,,,,,,,,,,,,,,,,,,,PPMP,,,,,,,,,,ON_HAND,1931.9999999999998,,,1000118678104,29fcbf53-a2ba-4fe5-96e2-46ee993af847,,11342340769,DLS,BRAND,BRAND
100308543524,133994664115828087101,2026-08-30T11:07:49.000+05:30,2026-08-30 17:28:41,I2927SV000001065,MIASARING139047859,reverse_in_transit,2026-09-04 11:30:00,2026-09-04 23:24:08,2026-09-09 21:24:56,,return_refund,,INR,277.0,0.0,277.0,544.0,232.0,Inter-State,3.0,8.07,0.0,0.0,1.3446500000000001,0.0,0.0,0.0,11.8,32.686,,,,,,,,,,,,,,,,,,,,,,,,,,,,,,,,,,,,,,,,,,,,,,,,Myntra Designs Pvt Ltd,71171990,Accessories,,MISS ASTUTE,Women,Ring,ON_HAND,false,MYEP1134059796,7173cfe3.2c6d.4b30.a02f.143682ee69aagbnH9DfxAz,122101,HR,3,0.0,0.0,268.93,0.5,0,0,0.0,0.0,,0.0,29ABGCS9514D1Z5,,KA,0.0,0.0,0.0,29AAECM9636P1ZJ,39377,,,,,,,,,,,,,,,,,,,,,,,PPMP,,,,,,,,,,ON_HAND,312.0,,,1000133900610,07dae9f1-8224-4d60-9d9f-789c2a180ef8,,11363310279,RL,BRAND,BRAND
100278762005,133842712054580999303,2026-08-12T21:02:28.000+05:30,2026-08-12 22:04:44,I2927SV000000924,MIASAEARR120379361,delivered,2026-08-16 08:30:00,2026-08-16 19:14:11,,,,,INR,292.01,0.0,292.0,560.0,209.0,Inter-State,3.0,8.51,0.0,0.0,1.4175,0.0,0.0,0.0,0.0,0.0,,,,,,,,,,,,,,,,,,,,,,,,,,,,,,,,,,,,,,,,,,,,,,,,Myntra Designs Pvt Ltd,71171990,Accessories,,MISS ASTUTE,Women,Earrings,ON_HAND,false,MYEP1131653063,3c0db440.bec5.4ac6.96ec.0c210b7737978WzIkkRI8n,515134,AP,3,0.0,0.0,283.5,0.5,0,0,0.0,0.0,,0.0,29ABGCS9514D1Z5,,KA,0.0,0.0,0.0,29AAECM9636P1ZJ,39377,,,,,,,,,,,,,,,,,,,,,,,PPMP,,,,,,,,,,ON_HAND,351.01,,,1000112900361,8e57dde0-21cc-449f-86dc-8d728cc66c13,,11333503355,,BRAND,STANDARD
100258681066,133754670206990795501,2026-08-02T16:28:50.000+05:30,2026-08-02 17:13:53,I2927SV000000859,MIASABANG128581221,delivered,2026-08-10 11:30:00,2026-08-07 02:30:08,,,,,INR,385.0,0.0,385.0,799.0,355.0,Inter-State,3.0,11.21,0.0,0.0,1.8689500000000001,0.0,0.0,0.0,0.0,0.0,,,,,,,,,,,,,,,,,,,,,,,,,,,,,,,,,,,,,,,,,,,,,,,,Myntra Designs Pvt Ltd,71171910,Accessories,,MISS ASTUTE,Women,Bangle,ON_HAND,false,MYEP1129944319,8fa2e1e0.3f98.4e1b.9e97.aadef6dbe529W7byqESJBi,440037,MH,3,0.0,0.0,373.79,0.5,0,0,0.0,0.0,,0.0,29ABGCS9514D1Z5,,KA,0.0,0.0,0.0,29AAECM9636P1ZJ,39377,,,,,,,,,,,,,,,,,,,,,,,PPMP,,,,,,,,,,ON_HAND,444.0,,,1000098945494,50c6a827-dfb7-4278-8624-f3158102ce56,,11313414449,,BRAND,STANDARD
100297742741,133931107054994253401,2026-08-23T02:34:58.000+05:30,2026-08-23 15:53:13,I2927SV000001015,MIASAANKL134956771,delivered,2026-08-26 11:30:00,2026-08-26 15:01:07,,,,,INR,1438.0,0.0,1438.0,2688.0,1026.0,Inter-State,3.0,41.88,0.0,0.0,6.9806,0.0,0.0,0.0,11.8,169.684,,,,,,,,,,,,,,,,,,,,,,,,,,,,,,,,,,,,,,,,,,,,,,,,Myntra Designs Pvt Ltd,71171910,Accessories,,MISS ASTUTE,Women,Anklet,ON_HAND,false,MYEP1133276811,69d4b45b.03a2.4bb0.840e.297162bae8e0mIFM8SY7P6,517001,AP,3,0.0,0.0,1396.12,0.5,0,0,0.0,0.0,,0.0,29ABGCS9514D1Z5,,KA,0.0,0.0,0.0,29AAECM9636P1ZJ,39377,,,,,,,,,,,,,,,,,,,,,,,PPMP,,,,,,,,,,ON_HAND,1662.0,,,1000126614976,08c59228-e13d-4bc2-819f-8ff1bca25774,,11352499589,,BRAND,BRAND
100282718695,133862196904074003603,2026-08-15T03:09:57.000+05:30,2026-08-15 10:05:12,I2927SV000000946,MIASAEARR122421943,delivered,2026-08-19 11:30:00,2026-08-20 02:27:20,,,,,INR,387.0,0.0,387.0,899.0,477.0,Inter-State,3.0,11.27,0.0,0.0,1.8786500000000002,0.0,0.0,0.0,9.44,36.533,,,,,,,,,,,,,,,,,,,,,,,,,,,,,,,,,,,,,,,,,,,,,,,,Myntra Designs Pvt Ltd,71171990,Accessories,,MISS ASTUTE,Women,Earrings,ON_HAND,false,MYEP1131968338,ee53f6cd.02c1.4356.bfe8.2c708c0949defR6j0x96Rd,629002,TN,3,0.0,0.0,375.73,0.5,0,0,0.0,0.0,,0.0,29ABGCS9514D1Z5,,KA,0.0,0.0,0.0,29AAECM9636P1ZJ,39377,,,,,,,,,,,,,,,,,,,,,,,PPMP,,,,,,,,,,ON_HAND,422.0,,,1000115624122,7d949aa9-3a3d-42e1-935c-855e11a19e4e,,11337462933,,BRAND,BRAND
100310742865,134005348260963780501,2026-08-31T16:48:31.000+05:30,2026-08-31 18:25:23,I2927SV000001070,MIASABANG128581255,reverse_in_transit,2026-09-06 11:30:00,,,,release_rto_refund,,INR,704.01,704.0,0.0,1299.0,501.0,Inter-State,3.0,20.51,0.0,0.0,3.4175,0.0,0.0,0.0,9.44,66.458,,,,,,,,,,,,,,,,,,,,,,,,,,,,,,,,,,,,,,,,,,,,,,,,Myntra Designs Pvt Ltd,71171910,Accessories,,MISS ASTUTE,Women,Bangle,ON_HAND,false,MYEC1117251962,277acc8b.7808.46f0.829a.205821f291f4jCk2XLgrZ1,110092,DL,3,0.0,0.0,683.5,0.5,0,0,0.0,0.0,,0.0,29ABGCS9514D1Z5,,KA,0.0,0.0,0.0,29AAECM9636P1ZJ,39377,,,,,,,,,,,,,,,,,,,,,,,PPMP,,,,,,,,,,ON_HAND,798.01,,,1000135236850,adab91ac-b45f-4442-afa1-d808c0681a4c,,11365510691,,BRAND,BRAND
100275359633,133825031840936978001,2026-08-10T19:55:46.000+05:30,2026-08-10 22:34:05,I2927SV000000912,MIASAEARR118063926,delivered,2026-08-16 11:30:00,2026-08-15 20:14:36,,,,,INR,440.0,307.733,132.267,1080.0,581.0,Inter-State,3.0,12.82,0.0,0.0,2.1359,0.0,0.0,0.0,0.0,0.0,,,,,,,,,,,,,,,,,,,,,,,,,,,,,,,,,,,,,,,,,,,,,,,,Myntra Designs Pvt Ltd,71171990,Accessories,,MISS ASTUTE,Women,Earrings,ON_HAND,false,MYEC1114660009,5f395b3e.976b.41b6.a0fd.cfe6e4fb5f32O8aFOzo6ry,410210,MH,3,0.0,0.0,427.18,0.5,0,0,0.0,0.0,,0.0,29ABGCS9514D1Z5,,KA,0.0,0.0,0.0,29AAECM9636P1ZJ,39377,,,,,,,,,,,,,,,,,,,,,,,PPMP,,,,,,,,,,ON_HAND,499.0,,,1000110469140,e4f6dc21-1a86-4b2d-9479-58ba9d671005,,11330098631,,BRAND,STANDARD
100261590562,133766022552949817501,2026-08-04T00:00:53.000+05:30,2026-08-04 11:52:28,I2927SV000000872,MIASAEARR122418844,reverse_in_transit,2026-08-08 11:30:00,,,,release_rto_refund,,INR,442.0,442.0,0.0,1062.0,526.0,Inter-State,3.0,12.87,0.0,0.0,2.14565,0.0,0.0,0.0,0.0,0.0,,,,,,,,,,,,,,,,,,,,,,,,,,,,,,,,,,,,,,,,,,,,,,,,Myntra Designs Pvt Ltd,71171990,Accessories,,MISS ASTUTE,Women,Earrings,ON_HAND,false,MYEC1113709156,82677b2a.46f0.4496.8cbb.c75eedbd08efQPtMulNxa5,110096,DL,3,0.0,0.0,429.13,0.5,0,0,0.0,0.0,,0.0,29ABGCS9514D1Z5,,KA,0.0,0.0,0.0,29AAECM9636P1ZJ,39377,,,,,,,,,,,,,,,,,,,,,,,PPMP,,,,,,,,,,ON_HAND,536.0,,,1000101516833,da37b6e2-533e-4351-b653-f62fbd044ef0,,11316324392,,BRAND,STANDARD
100299080494,133937227047119454101,2026-08-23T19:34:58.000+05:30,2026-08-23 22:55:52,I2927SV000001020,MIASAANKL134956771,reverse_in_transit,2026-08-26 11:30:00,2026-08-26 23:35:49,2026-08-27 18:59:43,,return_refund,,INR,1438.0,0.0,1438.0,2688.0,1026.0,Inter-State,3.0,41.88,0.0,0.0,6.9806,0.0,0.0,0.0,11.8,169.684,,,,,,,,,,,,,,,,,,,,,,,,,,,,,,,,,,,,,,,,,,,,,,,,Myntra Designs Pvt Ltd,71171910,Accessories,,MISS ASTUTE,Women,Anklet,ON_HAND,false,MYEP1133293796,aafdbd2e.de6e.4f68.9ad6.911e7039f7fd2o3OATocAP,517501,AP,3,0.0,0.0,1396.12,0.5,0,0,0.0,0.0,,0.0,29ABGCS9514D1Z5,,KA,0.0,0.0,0.0,29AAECM9636P1ZJ,39377,,,,,,,,,,,,,,,,,,,,,,,PPMP,,,,,,,,,,ON_HAND,1662.0,,,1000126889665,386ccd99-90ff-4dcd-96d5-c7a0866cff79,,11353838908,DLS,BRAND,BRAND
100271155134,133807711270297393601,2026-08-08T19:49:01.000+05:30,2026-08-08 20:10:21,I2927SV000000897,MIASAJWST141825779,reverse_in_transit,2026-08-16 11:30:00,2026-08-15 17:09:36,2026-08-16 03:18:17,,return_refund,,INR,1246.0,0.0,1246.0,3410.0,1808.0,Inter-State,3.0,36.29,0.0,0.0,6.0485500000000005,0.0,0.0,0.0,18.88,235.245,,,,,,,,,,,,,,,,,,,,,,,,,,,,,,,,,,,,,,,,,,,,,,,,Myntra Designs Pvt Ltd,71171910,Accessories,,MISS ASTUTE,Women,Jewellery Set,ON_HAND,false,MYEP1130990908,cf6a75c8.017a.4b36.b3da.dd90ed02f189TdPIOGMOop,390018,GJ,3,0.0,0.0,1209.71,0.5,0,0,0.0,0.0,,161.0,29ABGCS9514D1Z5,,KA,0.0,0.0,0.0,29AAECM9636P1ZJ,39377,,,,,,,,,,,,,,,,,,,,,,,PPMP,,,,,,,,,,ON_HAND,1441.0,,,1000107546726,bb163938-5b69-413c-be44-293aa8044daa,,11325892233,DLS,BRAND,STANDARD
100289207839,133892456674495023201,2026-08-18T15:13:15.000+05:30,2026-08-18 18:44:25,I2927SV000000978,MIASANECK120998679,delivered,2026-08-28 11:30:00,2026-08-27 19:10:30,,,,,INR,410.0,29.999,380.001,855.0,410.0,Inter-State,3.0,11.94,0.0,0.0,1.9903,0.0,0.0,0.0,11.8,48.38,,,,,,,,,,,,,,,,,,,,,,,,,,,,,,,,,,,,,,,,,,,,,,,,Myntra Designs Pvt Ltd,71171990,Accessories,,MISS ASTUTE,Women,Necklace and Chains,ON_HAND,false,MYEP1132520689,6f907c2a.f652.4155.9d36.3cc2028eed61S27MFLAYra,796014,MZ,3,0.0,0.0,398.06,0.5,0,0,0.0,0.0,,30.0,29ABGCS9514D1Z5,,KA,30.0,0.0,0.0,29AAECM9636P1ZJ,39377,,,,,,,,,,,,,,,,,,,,,,,PPMP,,,,,,,,,,ON_HAND,445.0,,,1000120118379,79a98446-62be-4a1b-9ef1-eb26b94dd133,,11343957584,,BRAND,BRAND
100311440556,134007933199604461901,2026-08-31T23:59:20.000+05:30,2026-09-01 11:08:01,I2927SV000001072,MIASARING120965390,reverse_in_transit,2026-09-05 11:30:00,2026-09-05 23:46:54,2026-09-06 00:14:08,,return_refund,,INR,580.0,580.0,0.0,1560.0,921.0,Inter-State,3.0,16.89,0.0,0.0,2.81555,0.0,0.0,0.0,11.8,68.44,,,,,,,,,,,,,,,,,,,,,,,,,,,,,,,,,,,,,,,,,,,,,,,,Myntra Designs Pvt Ltd,71171990,Accessories,,MISS ASTUTE,Women,Ring,ON_HAND,false,MYEC1117332011,2e9da163.795e.44a5.8f3e.75f3109585c7Vrao88esNS,122102,HR,3,0.0,0.0,563.11,0.5,0,0,0.0,0.0,,0.0,29ABGCS9514D1Z5,,KA,0.0,0.0,0.0,29AAECM9636P1ZJ,39377,,,,,,,,,,,,,,,,,,,,,,,PPMP,,,,,,,,,,ON_HAND,639.0,,,1000136007620,fad49ff5-925e-4c38-b7df-6fced23b5900,,11366208414,DLS,BRAND,BRAND
100283565263,133866821864276931501,2026-08-15T16:00:47.000+05:30,2026-08-15 16:20:10,I2927SV000000950,MIASAJWST129818471,delivered,2026-08-21 11:30:00,2026-08-21 18:34:54,,,,,INR,1708.0,40.0,1668.0,2975.0,1043.0,Inter-State,3.0,49.75,0.0,0.0,8.29125,0.0,0.0,0.0,11.8,201.544,,,,,,,,,,,,,,,,,,,,,,,,,,,,,,,,,,,,,,,,,,,,,,,,Myntra Designs Pvt Ltd,71171990,Accessories,,MISS ASTUTE,Women,Jewellery Set,ON_HAND,false,MYEP1132005681,707aa235.3b76.4cbe.84dd.586adbde4a9dyVi68zFRKh,110025,DL,3,0.0,0.0,1658.25,0.5,0,0,0.0,0.0,,40.0,29ABGCS9514D1Z5,,KA,40.0,0.0,0.0,29AAECM9636P1ZJ,39377,,,,,,,,,,,,,,,,,,,,,,,PPMP,,,,,,,,,,ON_HAND,1932.0,,,1000115897575,17ea6f2e-1b90-4422-a2c5-e9f00df72499,,11338310759,,BRAND,BRAND
100271725345,133809282192623946003,2026-08-09T00:10:50.000+05:30,2026-08-09 16:42:18,I2927SV000000899,MIASAJWST129818478,delivered,2026-08-13 11:30:00,2026-08-13 18:26:00,,,,,INR,1940.01,0.0,1940.0,3350.0,938.0,Inter-State,3.0,56.51,0.0,0.0,9.4175,0.0,0.0,0.0,18.88,366.272,,,,,,,,,,,,,,,,,,,,,,,,,,,,,,,,,,,,,,,,,,,,,,,,Myntra Designs Pvt Ltd,71171990,Accessories,,MISS ASTUTE,Women,Jewellery Set,ON_HAND,false,MYEP1131105894,96754ff9.53e1.4a9e.841c.782be0b1990cfqZR5gMNc9,533005,AP,3,0.0,0.0,1883.5,0.5,0,0,0.0,0.0,,242.0,29ABGCS9514D1Z5,,KA,0.0,0.0,0.0,29AAECM9636P1ZJ,39377,,,,,,,,,,,,,,,,,,,,,,,PPMP,,,,,,,,,,ON_HAND,2170.01,,,1000108678056,cba2ec6a-97ff-4325-ac7d-75821d4fad03,,11326462447,,BRAND,STANDARD
100293912430,133913471795833740403,2026-08-21T01:35:46.000+05:30,2026-08-21 08:28:48,I2927SV000001001,MIASAEARR122421944,reverse_in_transit,2026-08-27 11:30:00,,,,release_rto_refund,,INR,736.0,0.0,736.0,1955.0,1125.0,Inter-State,3.0,21.44,0.0,0.0,3.5728,0.0,0.0,0.0,9.44,69.478,,,,,,,,,,,,,,,,,,,,,,,,,,,,,,,,,,,,,,,,,,,,,,,,Myntra Designs Pvt Ltd,71171990,Accessories,,MISS ASTUTE,Women,Earrings,ON_HAND,false,MYEP1132888526,19e8c439.3f13.4cdf.8ad9.7eb4a7ee1e02yDS6MQjzDJ,176115,HP,3,0.0,0.0,714.56,0.5,0,0,0.0,0.0,,0.0,29ABGCS9514D1Z5,,KA,0.0,0.0,0.0,29AAECM9636P1ZJ,39377,,,,,,,,,,,,,,,,,,,,,,,PPMP,,,,,,,,,,ON_HAND,830.0,,,1000123269143,48998f2d-c3dc-4481-842f-75c75b62cd82,,11348666112,,BRAND,BRAND
100256176589,133745116557987162603,2026-08-01T13:56:34.000+05:30,2026-08-01 14:00:01,I2927SV000000850,MIASAEARR132029995,delivered,2026-08-07 11:30:00,2026-08-06 17:43:33,,,,,INR,474.0,474.0,0.0,889.0,321.0,Inter-State,3.0,13.81,0.0,0.0,2.30095,0.0,0.0,0.0,0.0,0.0,,,,,,,,,,,,,,,,,,,,,,,,,,,,,,,,,,,,,,,,,,,,,,,,Myntra Designs Pvt Ltd,71171100,Accessories,,MISS ASTUTE,Women,Earrings,ON_HAND,false,MYEC1113297331,ff05a3e9.f322.4def.9171.bb5a55d35a1e4AeE2f8hD9,462039,MP,3,0.0,0.0,460.19,0.5,0,0,0.0,0.0,,0.0,29ABGCS9514D1Z5,,KA,0.0,0.0,0.0,29AAECM9636P1ZJ,39377,,,,,,,,,,,,,,,,,,,,,,,PPMP,,,,,,,,,,ON_HAND,568.0,,,1000097577960,2af12358-94ab-42d4-9372-1cfab0a07b64,,11310909456,,BRAND,STANDARD
100273961462,133817501990518696901,2026-08-09T23:00:48.000+05:30,2026-08-10 00:00:40,I2927SV000000909,MIASAEARR118063951,delivered,2026-08-15 11:30:00,2026-08-14 23:15:32,,,,,INR,337.0,0.0,337.0,630.0,234.0,Inter-State,3.0,9.82,0.0,0.0,1.6359000000000001,0.0,0.0,0.0,0.0,0.0,,,,,,,,,,,,,,,,,,,,,,,,,,,,,,,,,,,,,,,,,,,,,,,,Myntra Designs Pvt Ltd,71171990,Accessories,,MISS ASTUTE,Women,Earrings,ON_HAND,false,MYEP1131125095,63243c9e.9438.47b4.b8b2.99f12bde4bcdNi8exYqnDX,110052,DL,3,0.0,0.0,327.18,0.5,0,0,0.0,0.0,,0.0,29ABGCS9514D1Z5,,KA,0.0,0.0,0.0,29AAECM9636P1ZJ,39377,,,,,,,,,,,,,,,,,,,,,,,PPMP,,,,,,,,,,ON_HAND,396.0,,,1000108960887,45901239-df84-4045-b701-8b5add0e4c34,,11328699501,,BRAND,STANDARD
100289422675,133893275163150849703,2026-08-18T17:29:40.000+05:30,2026-08-18 18:41:35,I2927SV000000975,MIASAPEND118571457,reverse_in_transit,2026-08-25 11:30:00,,,,release_rto_refund,,INR,340.0,340.0,0.0,855.0,480.0,Inter-State,3.0,9.9,0.0,0.0,1.6505,0.0,0.0,0.0,11.8,40.12,,,,,,,,,,,,,,,,,,,,,,,,,,,,,,,,,,,,,,,,,,,,,,,,Myntra Designs Pvt Ltd,71171990,Accessories,,MISS ASTUTE,Women,Pendant,ON_HAND,false,MYEC1115672005,0ece90fe.7fc2.44b5.a7cd.f81be63c5f2eh2YuvKOZg1,335523,RJ,3,0.0,0.0,330.1,0.5,0,0,0.0,0.0,,0.0,29ABGCS9514D1Z5,,KA,0.0,0.0,0.0,29AAECM9636P1ZJ,39377,,,,,,,,,,,,,,,,,,,,,,,PPMP,,,,,,,,,,ON_HAND,375.0,,,1000120117201,d7c3c35b-c9f2-4b16-b2c9-27ef6de4425f,,11344173039,,BRAND,BRAND
100257670374,133750147942662512701,2026-08-02T03:55:07.000+05:30,2026-08-02 13:27:53,I2927SV000000856,MIASAEARR122421936,delivered,2026-08-17 03:00:00,2026-08-11 15:28:59,,,,,INR,944.0,944.0,0.0,2720.0,1605.0,Inter-State,3.0,27.5,0.0,0.0,4.5825000000000005,0.0,0.0,0.0,5.9,55.696,,,,,,,,,,,,,,,,,,,,,,,,,,,,,,,,,,,,,,,,,,,,,,,,Myntra Designs Pvt Ltd,71171990,Accessories,,MISS ASTUTE,Women,Earrings,ON_HAND,false,SF3331730594F,b5a183ff.74be.4b77.a425.b68c5a06881firkpZXAvD6,380058,GJ,3,0.0,0.0,916.5,0.5,0,0,0.0,0.0,,0.0,29ABGCS9514D1Z5,,KA,0.0,0.0,0.0,29AAECM9636P1ZJ,39377,,,,,,,,,,,,,,,,,,,,,,,PPMP,,,,,,,,,,ON_HAND,1115.0,,,1000098695649,6223a433-ba2c-47b6-aec1-2fcd9978b6d7,,11312403441,,BRAND,STANDARD
100300043283,133942724384617530403,2026-08-24T10:51:12.000+05:30,2026-08-24 13:03:02,I2927SV000001022,MIASAANKL134956771,reverse_in_transit,2026-08-29 11:30:00,2026-08-27 23:38:59,2026-08-28 01:05:25,,return_refund,,INR,1438.0,0.0,1438.0,2688.0,1026.0,Inter-State,3.0,41.88,0.0,0.0,6.9806,0.0,0.0,0.0,11.8,169.684,,,,,,,,,,,,,,,,,,,,,,,,,,,,,,,,,,,,,,,,,,,,,,,,Myntra Designs Pvt Ltd,71171910,Accessories,,MISS ASTUTE,Women,Anklet,ON_HAND,false,MYEP1133437823,9d2215e8.2485.4fdd.8435.01748eb8ee4aRe9HWAcH7l,440024,MH,3,0.0,0.0,1396.12,0.5,0,0,0.0,0.0,,0.0,29ABGCS9514D1Z5,,KA,0.0,0.0,0.0,29AAECM9636P1ZJ,39377,,,,,,,,,,,,,,,,,,,,,,,PPMP,,,,,,,,,,ON_HAND,1662.0,,,1000127919625,d34b52e4-01ca-496f-9844-321cdd964838,,11354802234,DLS,BRAND,BRAND
100260306973,133761759286310631801,2026-08-03T12:10:21.000+05:30,2026-08-03 12:17:23,I2927SV000000867,MIASAPEND118571464,delivered,2026-08-08 11:30:00,2026-08-07 22:40:06,,,,,INR,343.0,343.0,0.0,855.0,453.0,Inter-State,3.0,9.99,0.0,0.0,1.66505,0.0,0.0,0.0,0.0,0.0,,,,,,,,,,,,,,,,,,,,,,,,,,,,,,,,,,,,,,,,,,,,,,,,Myntra Designs Pvt Ltd,71171990,Accessories,,MISS ASTUTE,Women,Necklace and Chains,ON_HAND,false,MYEC1113553450,2d3fce2e.9171.49b1.b506.1c5a6504844dFGaRdLg6TX,411032,MH,3,0.0,0.0,333.01,0.5,0,0,0.0,0.0,,0.0,29ABGCS9514D1Z5,,KA,0.0,0.0,0.0,29AAECM9636P1ZJ,39377,,,,,,,,,,,,,,,,,,,,,,,PPMP,,,,,,,,,,ON_HAND,402.0,,,1000100140342,3470e0fa-dabb-45b4-86ad-2fbe92b749ca,,11315040598,,BRAND,STANDARD
100310383708,134003823740607431903,2026-08-31T12:34:25.000+05:30,2026-08-31 13:29:44,I2927SV000001069,MIASAEARR132030001,reverse_in_transit,2026-09-04 11:30:00,2026-09-04 23:30:05,2026-09-07 02:04:34,,exchange,,INR,589.0,0.0,589.0,1120.0,472.0,Inter-State,3.0,17.16,0.0,0.0,2.8592000000000004,0.0,0.0,0.0,9.44,55.602,,,,,,,,,,,,,,,,,,,,,,,,,,,,,,,,,,,,,,,,,,,,,,,,Myntra Designs Pvt Ltd,71171100,Accessories,,MISS ASTUTE,Women,Earrings,ON_HAND,false,MYEP1134190811,d5576530.5bb7.40d0.a70f.7a58bdeba84aoy5fBk21HO,110091,DL,3,0.0,0.0,571.84,0.5,0,0,0.0,0.0,,0.0,29ABGCS9514D1Z5,,KA,0.0,0.0,0.0,29AAECM9636P1ZJ,39377,,,,,,,,,,,,,,,,,,,,,,,PPMP,,,,,,,,,,ON_HAND,648.0,,,1000134962587,4a614394-b6ec-458b-b064-b94e11e0a120,,11365151317,DLS,BRAND,BRAND
100280151355,133850245843755650203,2026-08-13T17:58:06.000+05:30,2026-08-13 19:37:19,I2927SV000000932,MIASAJWST134375782,reverse_in_transit,2026-08-17 11:30:00,,,,release_rto_refund,,INR,2833.0,2833.0,0.0,5670.0,2607.0,Inter-State,3.0,82.51,0.0,0.0,13.75245,0.0,0.0,0.0,11.8,334.294,,,,,,,,,,,,,,,,,,,,,,,,,,,,,,,,,,,,,,,,,,,,,,,,Myntra Designs Pvt Ltd,71171990,Accessories,,MISS ASTUTE,Women,Jewellery Set,ON_HAND,false,MYEC1115054429,da0ec30f.af30.43e9.9fa6.2b2def25ed9cfUyQWVe9Ux,523240,AP,3,0.0,0.0,2750.49,0.5,0,0,0.0,0.0,,200.0,29ABGCS9514D1Z5,,KA,200.0,0.0,0.0,29AAECM9636P1ZJ,39377,,,,,,,,,,,,,,,,,,,,,,,PPMP,,,,,,,,,,ON_HAND,3063.0,,,1000114023891,26709605-be5b-4eaa-9752-31dd7a01bed7,,11334894014,,BRAND,BRAND
100288626476,133890247750438280503,2026-08-18T09:05:05.000+05:30,2026-08-18 13:30:25,I2927SV000000966,MIASABANG128581223,delivered,2026-08-20 11:30:00,2026-08-20 14:32:22,,,,,INR,672.0,0.0,672.0,1299.0,533.0,Inter-State,3.0,19.57,0.0,0.0,3.2621499999999997,0.0,0.0,0.0,9.44,63.437,,,,,,,,,,,,,,,,,,,,,,,,,,,,,,,,,,,,,,,,,,,,,,,,Myntra Designs Pvt Ltd,71171910,Accessories,,MISS ASTUTE,Women,Bangle,ON_HAND,false,MYEP1132482963,95094733.c0db.4528.9926.b92156c1d686h9mDkgHEoW,516002,AP,3,0.0,0.0,652.43,0.5,0,0,0.0,0.0,,0.0,29ABGCS9514D1Z5,,KA,0.0,0.0,0.0,29AAECM9636P1ZJ,39377,,,,,,,,,,,,,,,,,,,,,,,PPMP,,,,,,,,,,ON_HAND,766.0,,,1000119790486,19a4cb61-0cce-4cee-b5d6-8dc2f89d8b50,,11343375426,,BRAND,BRAND
100299769281,133939410104974707903,2026-08-24T01:38:49.000+05:30,2026-08-24 13:03:31,I2927SV000001024,MIASARING139047859,delivered,2026-08-26 11:30:00,2026-08-26 23:23:08,,,,,INR,262.0,0.0,262.0,544.0,247.0,Inter-State,3.0,7.63,0.0,0.0,1.2718500000000001,0.0,0.0,0.0,11.8,30.916,,,,,,,,,,,,,,,,,,,,,,,,,,,,,,,,,,,,,,,,,,,,,,,,Myntra Designs Pvt Ltd,71171990,Accessories,,MISS ASTUTE,Women,Ring,ON_HAND,false,MYEP1133437921,56dd217e.d05a.4fc6.a7a3.078a2074e9ab7IIywFnN5F,600073,TN,3,0.0,0.0,254.37,0.5,0,0,0.0,0.0,,0.0,29ABGCS9514D1Z5,,KA,0.0,0.0,0.0,29AAECM9636P1ZJ,39377,,,,,,,,,,,,,,,,,,,,,,,PPMP,,,,,,,,,,ON_HAND,297.0,,,1000127920342,27f5804a-0992-4fab-8346-266de8d4ee7e,,11354527699,,BRAND,BRAND
100275934014,133828238990502157503,2026-08-11T04:50:18.000+05:30,2026-08-11 12:27:40,I2927SV000000916,MIASABANG128581230,reverse_in_transit,2026-08-17 11:30:00,,,,release_rto_refund,,INR,673.0,673.0,0.0,1299.0,532.0,Inter-State,3.0,19.6,0.0,0.0,3.267,0.0,0.0,0.0,5.9,39.707,,,,,,,,,,,,,,,,,,,,,,,,,,,,,,,,,,,,,,,,,,,,,,,,Myntra Designs Pvt Ltd,71171910,Accessories,,MISS ASTUTE,Women,Bangle,ON_HAND,false,MYEC1114754869,0112ac51.67de.45f6.a208.2d99d62ed1ef6qWsyITLny,823001,BR,3,0.0,0.0,653.4,0.5,0,0,0.0,0.0,,0.0,29ABGCS9514D1Z5,,KA,0.0,0.0,0.0,29AAECM9636P1ZJ,39377,,,,,,,,,,,,,,,,,,,,,,,PPMP,,,,,,,,,,ON_HAND,767.0,,,1000111235063,1f7cc645-ea24-482f-b1ce-65d6b664e6f3,,11330673031,,BRAND,STANDARD
100275725526,133826335641880454803,2026-08-10T23:33:04.000+05:30,2026-08-11 12:27:07,I2927SV000000914,MIASAEARR118063944,delivered,2026-08-13 11:30:00,2026-08-13 19:34:09,,,,,INR,394.0,0.0,394.0,585.0,132.0,Inter-State,3.0,11.48,0.0,0.0,1.9125999999999999,0.0,0.0,0.0,0.0,0.0,,,,,,,,,,,,,,,,,,,,,,,,,,,,,,,,,,,,,,,,,,,,,,,,Myntra Designs Pvt Ltd,71171990,Accessories,,MISS ASTUTE,Women,Earrings,ON_HAND,false,MYEP1131451938,f69721a3.05ce.4254.b649.7499e7fb2e37D03kyY8sL5,605008,PY,3,0.0,0.0,382.52,0.5,0,0,0.0,0.0,,0.0,29ABGCS9514D1Z5,,KA,0.0,0.0,0.0,29AAECM9636P1ZJ,39377,,,,,,,,,,,,,,,,,,,,,,,PPMP,,,,,,,,,,ON_HAND,453.0,,,1000111234240,50406eb2-e06b-4b22-b697-864e511e1315,,11330464542,,BRAND,STANDARD
100300063081,133942819767380461603,2026-08-24T11:07:06.000+05:30,2026-08-24 13:03:16,I2927SV000001023,MIASAANKL134956771,delivered,2026-08-28 11:30:00,2026-08-28 19:36:45,,,,,INR,1438.0,1438.0,0.0,2688.0,1026.0,Inter-State,3.0,41.88,0.0,0.0,6.9806,0.0,0.0,0.0,11.8,169.684,,,,,,,,,,,,,,,,,,,,,,,,,,,,,,,,,,,,,,,,,,,,,,,,Myntra Designs Pvt Ltd,71171910,Accessories,,MISS ASTUTE,Women,Anklet,ON_HAND,false,MYEC1116497359,c746c30e.8caa.4fbe.859a.6cd5b421c88dFk7jBr7im5,412802,MH,3,0.0,0.0,1396.12,0.5,0,0,0.0,0.0,,0.0,29ABGCS9514D1Z5,,KA,0.0,0.0,0.0,29AAECM9636P1ZJ,39377,,,,,,,,,,,,,,,,,,,,,,,PPMP,,,,,,,,,,ON_HAND,1662.0,,,1000127919972,ef1afd3d-6b4c-47b0-b715-ea60d71719a5,,11354822064,,BRAND,BRAND
100273572806,133816598970425504101,2026-08-09T20:30:18.000+05:30,2026-08-09 22:06:59,I2927SV000000907,MIASAJWST125040440,delivered,2026-08-17 11:30:00,2026-08-14 22:02:00,,,,,INR,581.0,0.0,581.0,1215.0,540.0,Inter-State,3.0,16.92,0.0,0.0,2.8204000000000002,0.0,0.0,0.0,17.7,102.837,,,,,,,,,,,,,,,,,,,,,,,,,,,,,,,,,,,,,,,,,,,,,,,,Myntra Designs Pvt Ltd,71171990,Accessories,,MISS ASTUTE,Women,Saree Accessories,ON_HAND,false,MYEP1131122389,d2ed4aa2.b4d0.4e86.8fcb.bc417a07196a64Pmj5cJvC,400058,MH,3,0.0,0.0,564.08,0.5,0,0,0.0,0.0,,0.0,29ABGCS9514D1Z5,,KA,0.0,0.0,0.0,29AAECM9636P1ZJ,39377,,,,,,,,,,,,,,,,,,,,,,,PPMP,,,,,,,,,,ON_HAND,675.0,,,1000108892140,69314320-50c9-40fb-8234-3b324b38f9b2,,11328310841,,STANDARD,STANDARD
100288035343,133886161969082873603,2026-08-17T21:44:08.000+05:30,2026-08-17 21:46:28,I2927SV000000964,MIASAEARR120379361,delivered,2026-08-24 11:30:00,2026-08-23 18:40:48,,,,,INR,306.0,306.0,0.0,560.0,219.0,Inter-State,3.0,8.91,0.0,0.0,1.48545,0.0,0.0,0.0,9.44,28.886,,,,,,,,,,,,,,,,,,,,,,,,,,,,,,,,,,,,,,,,,,,,,,,,Myntra Designs Pvt Ltd,71171990,Accessories,,MISS ASTUTE,Women,Earrings,ON_HAND,false,MYEC1115520679,61f1ea54.249e.43fe.904f.8b6d9b31fcf0SFEbmCEfkf,243001,UP,3,0.0,0.0,297.09,0.5,0,0,0.0,0.0,,0.0,29ABGCS9514D1Z5,,KA,0.0,0.0,0.0,29AAECM9636P1ZJ,39377,,,,,,,,,,,,,,,,,,,,,,,PPMP,,,,,,,,,,ON_HAND,341.0,,,1000118774333,80b93b4f-f1b0-4eb6-8f27-f20fb93902e3,,11342784292,,BRAND,BRAND
100301840009,133952812615549620003,2026-08-25T14:52:34.000+05:30,2026-08-25 14:56:32,I2927SV000001027,MIASARING139047858,delivered,2026-08-31 11:30:00,2026-08-26 18:07:56,,,,,INR,1083.0,0.0,1083.0,2620.0,1313.0,Intra-State,3.0,0.0,15.77,15.77,0.0,2.62865,2.62865,0.0,11.8,127.794,,,,,,,,,,,,,,,,,,,,,,,,,,,,,,,,,,,,,,,,,,,,,,,,Myntra Designs Pvt Ltd,71171990,Accessories,,MISS ASTUTE,Women,Ring,ON_HAND,false,MYEP1133588683,89961335.13df.4c82.8265.3497cf2c10fdQlqFmZLosk,560075,KA,0.0,1.5,1.5,1051.46,0,0.25,0.25,0.0,0.0,,0.0,29ABGCS9514D1Z5,,KA,0.0,0.0,0.0,29AAECM9636P1ZJ,39377,,,,,,,,,,,,,,,,,,,,,,,PPMP,,,,,,,,,,ON_HAND,1307.0,,,1000129205974,57495211-e2e4-46b9-8ea1-bf25eaa63f9e,,11356600523,,BRAND,BRAND
100265474891,133783192249958553801,2026-08-05T23:42:30.000+05:30,2026-08-06 01:26:19,I2927SV000000887,MIASAEARR132030001,delivered,2026-08-10 11:30:00,2026-08-08 18:26:39,,,,,INR,600.0,0.0,600.0,1120.0,426.0,Intra-State,3.0,0.0,8.74,8.74,0.0,1.4563,1.4563,0.0,5.9,35.4,,,,,,,,,,,,,,,,,,,,,,,,,,,,,,,,,,,,,,,,,,,,,,,,Myntra Designs Pvt Ltd,71171100,Accessories,,MISS ASTUTE,Women,Earrings,ON_HAND,false,MYEP1130508843,36a24f94.f0de.45af.8fec.a669496dfdefEuZUFLUnQH,560102,KA,0.0,1.5,1.5,582.52,0,0.25,0.25,0.0,0.0,,0.0,29ABGCS9514D1Z5,,KA,0.0,0.0,0.0,29AAECM9636P1ZJ,39377,,,,,,,,,,,,,,,,,,,,,,,PPMP,,,,,,,,,,ON_HAND,694.0,,,1000103562587,73506ba8-8381-49b0-b08c-c1d48ab0602a,,11320209718,,BRAND,STANDARD
100278730934,133842597000922376901,2026-08-12T20:43:18.000+05:30,2026-08-12 22:05:09,I2927SV000000925,MIASABANG141906974,delivered,2026-08-19 11:30:00,2026-08-17 16:01:51,,,,,INR,1299.01,0.0,1299.0,2450.0,980.0,Inter-State,3.0,37.84,0.0,0.0,6.30585,0.0,0.0,0.0,18.88,245.251,,,,,,,,,,,,,,,,,,,,,,,,,,,,,,,,,,,,,,,,,,,,,,,,Myntra Designs Pvt Ltd,71171910,Accessories,,MISS ASTUTE,Women,Bangle,ON_HAND,false,MYEP1131652811,46c211f2.9775.43dc.8036.401166be3dccr4HTUnfFWT,393001,GJ,3,0.0,0.0,1261.17,0.5,0,0,0.0,0.0,,0.0,29ABGCS9514D1Z5,,KA,0.0,0.0,0.0,29AAECM9636P1ZJ,39377,,,,,,,,,,,,,,,,,,,,,,,PPMP,,,,,,,,,,ON_HAND,1470.01,,,1000112900647,c8ba7c39-61d0-44a1-9e21-4e236782a427,,11333472284,,BRAND,STANDARD
100284363554,133869403070794410801,2026-08-15T23:10:59.000+05:30,2026-08-16 19:33:26,I2927SV000000953,MIASAEARR122421936,delivered,2026-08-21 11:30:00,2026-08-22 00:28:53,,,,,INR,961.0,0.0,961.0,2720.0,1665.0,Inter-State,3.0,27.99,0.0,0.0,4.66505,0.0,0.0,0.0,9.44,90.718,,,,,,,,,,,,,,,,,,,,,,,,,,,,,,,,,,,,,,,,,,,,,,,,Myntra Designs Pvt Ltd,71171990,Accessories,,MISS ASTUTE,Women,Earrings,ON_HAND,false,MYEP1132134132,3a524659.bcd6.4510.8646.ceca64fd2fcb61DIn2tvZ2,110096,DL,3,0.0,0.0,933.01,0.5,0,0,0.0,0.0,,0.0,29ABGCS9514D1Z5,,KA,0.0,0.0,0.0,29AAECM9636P1ZJ,39377,,,,,,,,,,,,,,,,,,,,,,,PPMP,,,,,,,,,,ON_HAND,1055.0,,,1000117164349,60acbeed-1997-4568-9212-9405ca195e90,,11339109425,,BRAND,BRAND
100256094057,133744868544568633801,2026-08-01T13:15:13.000+05:30,2026-08-01 13:27:21,I2927SV000000849,MIASANECK118571016,delivered,2026-08-08 11:30:00,2026-08-07 23:58:41,,,,,INR,757.0,757.0,0.0,1881.0,1030.0,Inter-State,3.0,22.05,0.0,0.0,3.6747500000000004,0.0,0.0,0.0,5.9,44.663,,,,,,,,,,,,,,,,,,,,,,,,,,,,,,,,,,,,,,,,,,,,,,,,Myntra Designs Pvt Ltd,71171990,Accessories,,MISS ASTUTE,Women,Necklace and Chains,ON_HAND,false,MYEC1113292181,f3afd9be.f813.42b8.99b4.a3089fa48517YCdiCny2YH,782435,AS,3,0.0,0.0,734.95,0.5,0,0,0.0,0.0,,0.0,29ABGCS9514D1Z5,,KA,0.0,0.0,0.0,29AAECM9636P1ZJ,39377,,,,,,,,,,,,,,,,,,,,,,,PPMP,,,,,,,,,,ON_HAND,851.0,,,1000097533031,2fc95b4e-5632-480b-9bd2-9ae05b6b6895,,11310826918,,BRAND,STANDARD
100265642867,133783824503377502701,2026-08-06T01:27:53.000+05:30,2026-08-06 13:15:55,I2927SV000000888,MIASABANG141906974,delivered,2026-08-08 11:30:00,2026-08-10 03:10:39,,,,,INR,1299.01,0.0,1299.0,2450.0,980.0,Inter-State,3.0,37.84,0.0,0.0,6.30585,0.0,0.0,0.0,18.88,245.251,,,,,,,,,,,,,,,,,,,,,,,,,,,,,,,,,,,,,,,,,,,,,,,,Myntra Designs Pvt Ltd,71171910,Accessories,,MISS ASTUTE,Women,Bangle,ON_HAND,false,MYEP1130629061,266a9eca.dcac.4d7a.9129.b11ad5553e16A2p9se45TC,600042,TN,3,0.0,0.0,1261.17,0.5,0,0,0.0,0.0,,0.0,29ABGCS9514D1Z5,,KA,0.0,0.0,0.0,29AAECM9636P1ZJ,39377,,,,,,,,,,,,,,,,,,,,,,,PPMP,,,,,,,,,,ON_HAND,1470.01,,,1000104396563,70cbedb5-2e7a-4d45-993a-b35462b530b6,,11320377694,,BRAND,STANDARD
100258675485,133754653863022501903,2026-08-02T16:26:07.000+05:30,2026-08-02 17:14:29,I2927SV000000861,MIASAEARR120379357,delivered,2026-08-08 11:30:00,2026-08-07 16:31:24,,,,,INR,698.0,0.0,698.0,1320.0,528.0,Inter-State,3.0,20.33,0.0,0.0,3.38835,0.0,0.0,0.0,5.9,41.182,,,,,,,,,,,,,,,,,,,,,,,,,,,,,,,,,,,,,,,,,,,,,,,,Myntra Designs Pvt Ltd,71171990,Accessories,,MISS ASTUTE,Women,Earrings,ON_HAND,false,MYEP1129944768,65202267.5e97.4682.a241.b4d96feb05651FMwTmUWV7,383325,GJ,3,0.0,0.0,677.67,0.5,0,0,0.0,0.0,,0.0,29ABGCS9514D1Z5,,KA,0.0,0.0,0.0,29AAECM9636P1ZJ,39377,,,,,,,,,,,,,,,,,,,,,,,PPMP,,,,,,,,,,ON_HAND,792.0,,,1000098946035,e1d8959a-4f67-4227-b524-228c21bd7ff1,,11313408868,,BRAND,STANDARD
100261112707,133764631611719539701,2026-08-03T20:09:04.000+05:30,2026-08-03 23:13:07,I2927SV000000870,MIASAEARR120379356,delivered,2026-08-08 11:30:00,2026-08-08 20:38:10,,,,,INR,411.0,0.0,411.0,1000.0,530.0,Inter-State,3.0,11.97,0.0,0.0,1.99515,0.0,0.0,0.0,0.0,0.0,,,,,,,,,,,,,,,,,,,,,,,,,,,,,,,,,,,,,,,,,,,,,,,,Myntra Designs Pvt Ltd,71171990,Accessories,,MISS ASTUTE,Women,Earrings,ON_HAND,false,MYEP1130174731,4982de0b.2aca.4841.bcaf.1592413e6a01rzRX3bjip5,751002,OR,3,0.0,0.0,399.03,0.5,0,0,0.0,0.0,,0.0,29ABGCS9514D1Z5,,KA,0.0,0.0,0.0,29AAECM9636P1ZJ,39377,,,,,,,,,,,,,,,,,,,,,,,PPMP,,,,,,,,,,ON_HAND,470.0,,,1000100754297,44b15082-d96f-4fef-9275-af8f2fb34d84,,11315846533,,BRAND,STANDARD
100291905232,133904005276326351801,2026-08-19T23:18:01.000+05:30,2026-08-20 00:36:24,I2927SV000000992,MIASAANKL134956771,delivered,2026-08-25 11:30:00,2026-08-26 22:19:16,,,,,INR,1438.0,0.0,1438.0,2688.0,1026.0,Inter-State,3.0,41.88,0.0,0.0,6.9806,0.0,0.0,0.0,11.8,169.684,,,,,,,,,,,,,,,,,,,,,,,,,,,,,,,,,,,,,,,,,,,,,,,,Myntra Designs Pvt Ltd,71171910,Accessories,,MISS ASTUTE,Women,Anklet,ON_HAND,false,MYEP1132710552,eed16ab0.035d.4930.b1d2.7004ba98dfd45ocY9oIigO,281504,UP,3,0.0,0.0,1396.12,0.5,0,0,0.0,0.0,,0.0,29ABGCS9514D1Z5,,KA,0.0,0.0,0.0,29AAECM9636P1ZJ,39377,,,,,,,,,,,,,,,,,,,,,,,PPMP,,,,,,,,,,ON_HAND,1662.0,,,1000121728408,c43d9070-4554-4bee-9764-605990ee2fc9,,11346657361,,BRAND,BRAND
100300251702,133943664094040622603,2026-08-24T13:27:49.000+05:30,2026-08-24 13:35:56,I2927SV000001025,MIASARING120965392,reverse_in_transit,2026-08-29 11:30:00,2026-08-30 17:07:24,2026-08-30 17:33:20,,return_refund,,INR,677.0,677.0,0.0,1560.0,824.0,Inter-State,3.0,19.72,0.0,0.0,3.2864,0.0,0.0,0.0,11.8,79.886,,,,,,,,,,,,,,,,,,,,,,,,,,,,,,,,,,,,,,,,,,,,,,,,Myntra Designs Pvt Ltd,71171990,Accessories,,MISS ASTUTE,Women,Ring,ON_HAND,false,MYEP1133445269,c1ca6608.7109.463f.8c40.b2ece09e924aJR1UagYWTn,411037,MH,3,0.0,0.0,657.28,0.5,0,0,0.0,0.0,,0.0,29ABGCS9514D1Z5,,KA,0.0,0.0,0.0,29AAECM9636P1ZJ,39377,,,,,,,,,,,,,,,,,,,,,,,PPMP,,,,,,,,,,ON_HAND,736.0,,,1000127965364,e63a07fe-3a50-4233-9fc7-6d2c7b6d74c4,,11355010850,DLS,BRAND,BRAND
100256506538,133746166231746752501,2026-08-01T16:51:30.000+05:30,2026-08-01 23:36:53,I2927SV000000853,MIASAJWST129818474,delivered,2026-08-07 11:30:00,2026-08-08 19:03:04,,,,,INR,1793.0,0.0,1793.0,2975.0,952.0,Inter-State,3.0,52.22,0.0,0.0,8.7039,0.0,0.0,0.0,18.88,338.518,,,,,,,,,,,,,,,,,,,,,,,,,,,,,,,,,,,,,,,,,,,,,,,,Myntra Designs Pvt Ltd,71171990,Accessories,,MISS ASTUTE,Women,Jewellery Set,ON_HAND,false,MYEP1129850810,3cad80b8.f844.4546.abad.97ad44e5f285zse5NJ8dEq,201301,UP,3,0.0,0.0,1740.78,0.5,0,0,0.0,0.0,,0.0,29ABGCS9514D1Z5,,KA,0.0,0.0,0.0,29AAECM9636P1ZJ,39377,,,,,,,,,,,,,,,,,,,,,,,PPMP,,,,,,,,,,ON_HAND,2023.0,,,1000098011178,5b6e1bd6-085f-46eb-99e4-9d0d521b4eae,,11311239535,,BRAND,STANDARD
100259672613,133757332433670475901,2026-08-02T23:52:32.000+05:30,2026-08-03 00:57:19,I2927SV000000865,MIASAPEND118571464,delivered,2026-08-07 11:30:00,2026-08-08 00:49:38,,,,,INR,343.0,0.0,343.0,855.0,453.0,Inter-State,3.0,9.99,0.0,0.0,1.66505,0.0,0.0,0.0,0.0,0.0,,,,,,,,,,,,,,,,,,,,,,,,,,,,,,,,,,,,,,,,,,,,,,,,Myntra Designs Pvt Ltd,71171990,Accessories,,MISS ASTUTE,Women,Necklace and Chains,ON_HAND,false,MYEP1129960878,d0101ae8.d68e.4a14.a6ed.19f8bda5626ddY4xuMJKpG,421201,MH,3,0.0,0.0,333.01,0.5,0,0,0.0,0.0,,0.0,29ABGCS9514D1Z5,,KA,0.0,0.0,0.0,29AAECM9636P1ZJ,39377,,,,,,,,,,,,,,,,,,,,,,,PPMP,,,,,,,,,,ON_HAND,402.0,,,1000099208964,9a30f00e-76ca-433e-ba8a-ce784b408eaa,,11314406065,,BRAND,STANDARD
100258808420,133755047242116655001,2026-08-02T17:31:40.000+05:30,2026-08-02 19:53:10,I2927SV000000863,MIASAEARR130297073,reverse_in_transit,2026-08-08 11:30:00,2026-08-08 21:02:55,2026-08-09 16:44:44,,return_refund,,INR,601.01,601.0,0.0,1140.0,445.0,Inter-State,3.0,17.51,0.0,0.0,2.9175,0.0,0.0,0.0,5.9,35.459,,,,,,,,,,,,,,,,,,,,,,,,,,,,,,,,,,,,,,,,,,,,,,,,Myntra Designs Pvt Ltd,71171100,Accessories,,MISS ASTUTE,Women,Earrings,ON_HAND,false,MYEC1113418499,c9454cca.e929.479e.afd9.3c740fbe801f9VSeIf2zrI,452010,MP,3,0.0,0.0,583.5,0.5,0,0,0.0,0.0,,0.0,29ABGCS9514D1Z5,,KA,0.0,0.0,0.0,29AAECM9636P1ZJ,39377,,,,,,,,,,,,,,,,,,,,,,,PPMP,,,,,,,,,,ON_HAND,695.01,,,1000099014505,ebdc8513-822c-404d-ab66-05e1099c6374,,11313541835,DLS,BRAND,STANDARD
100289091404,133892032593893233901,2026-08-18T14:02:34.000+05:30,2026-08-18 14:04:16,I2927SV000000974,MIASARING120965392,delivered,2026-08-21 11:30:00,2026-08-29 00:45:39,,,,,INR,677.0,0.0,677.0,1560.0,824.0,Inter-State,3.0,19.72,0.0,0.0,3.2864,0.0,0.0,0.0,11.8,79.886,,,,,,,,,,,,,,,,,,,,,,,,,,,,,,,,,,,,,,,,,,,,,,,,Myntra Designs Pvt Ltd,71171990,Accessories,,MISS ASTUTE,Women,Ring,ON_HAND,false,MYEP1132490632,44db9245.a4ac.404f.8604.9031b07c6c19jVa7Zb4S6E,695024,KL,3,0.0,0.0,657.28,0.5,0,0,0.0,0.0,,0.0,29ABGCS9514D1Z5,,KA,0.0,0.0,0.0,29AAECM9636P1ZJ,39377,,,,,,,,,,,,,,,,,,,,,,,PPMP,,,,,,,,,,ON_HAND,736.0,,,1000119841614,80f5a89a-5f05-43d5-9246-04e17f500e9b,,11343841140,,BRAND,BRAND
100262608787,133771694268225021801,2026-08-04T15:46:11.000+05:30,2026-08-04 23:19:31,I2927SV000000877,MIASAEARR118063951,delivered,2026-08-07 11:30:00,2026-08-07 16:53:51,,,,,INR,340.0,0.0,340.0,630.0,231.0,Inter-State,3.0,9.9,0.0,0.0,1.6505,0.0,0.0,0.0,0.0,0.0,,,,,,,,,,,,,,,,,,,,,,,,,,,,,,,,,,,,,,,,,,,,,,,,Myntra Designs Pvt Ltd,71171990,Accessories,,MISS ASTUTE,Women,Earrings,ON_HAND,false,MYEP1130343563,f86cb45b.3d0f.4a3a.853b.de6092e4ba5c5NDUB3R4MZ,682020,KL,3,0.0,0.0,330.1,0.5,0,0,0.0,0.0,,0.0,29ABGCS9514D1Z5,,KA,0.0,0.0,0.0,29AAECM9636P1ZJ,39377,,,,,,,,,,,,,,,,,,,,,,,PPMP,,,,,,,,,,ON_HAND,399.0,,,1000102132622,c748bfcb-5bff-4112-84c3-fcd51843df57,,11317342903,,BRAND,STANDARD
100263683623,133775218225589814101,2026-08-05T01:33:30.000+05:30,2026-08-05 11:11:26,I2927SV000000882,MIASABANG128581222,delivered,2026-08-09 11:30:00,2026-08-09 18:27:08,,,,,INR,673.0,673.0,0.0,1299.0,532.0,Inter-State,3.0,19.6,0.0,0.0,3.267,0.0,0.0,0.0,5.9,39.707,,,,,,,,,,,,,,,,,,,,,,,,,,,,,,,,,,,,,,,,,,,,,,,,Myntra Designs Pvt Ltd,71171910,Accessories,,MISS ASTUTE,Women,Bangle,ON_HAND,false,MYEC1113844156,9f75fe98.2d17.43d0.b04c.9ee420da9cbfS1zQsShqk1,400025,MH,3,0.0,0.0,653.4,0.5,0,0,0.0,0.0,,0.0,29ABGCS9514D1Z5,,KA,0.0,0.0,0.0,29AAECM9636P1ZJ,39377,,,,,,,,,,,,,,,,,,,,,,,PPMP,,,,,,,,,,ON_HAND,767.0,,,1000102788482,19e9345a-057e-43b4-ba2d-74817f1b4d5d,,11318417918,,BRAND,STANDARD
100273787104,133817133536533369501,2026-08-09T21:59:23.000+05:30,2026-08-09 22:10:25,I2927SV000000908,MIASABANG128581240,delivered,2026-08-12 11:30:00,2026-08-12 19:22:22,,,,,INR,671.0,100.0,571.0,1499.0,734.0,Inter-State,3.0,19.54,0.0,0.0,3.2573000000000003,0.0,0.0,0.0,5.9,39.589,,,,,,,,,,,,,,,,,,,,,,,,,,,,,,,,,,,,,,,,,,,,,,,,Myntra Designs Pvt Ltd,71171910,Accessories,,MISS ASTUTE,Women,Bangle,ON_HAND,false,MYEP1131122262,a8833d8f.ea77.4dd0.a753.147bf015ea90kMwAsZxA07,600023,TN,3,0.0,0.0,651.46,0.5,0,0,0.0,0.0,,100.0,29ABGCS9514D1Z5,,KA,100.0,0.0,0.0,29AAECM9636P1ZJ,39377,,,,,,,,,,,,,,,,,,,,,,,PPMP,,,,,,,,,,ON_HAND,765.0,,,1000108894691,80e7b282-226e-474c-8868-7fb57047fdc9,,11328525142,,BRAND,STANDARD
100260329144,133761834489438117203,2026-08-03T12:22:53.000+05:30,2026-08-03 12:31:33,I2927SV000000868,MIASABANG121198875,delivered,2026-08-06 11:30:00,2026-08-05 17:19:14,,,,,INR,957.0,957.0,0.0,2129.0,1001.0,Inter-State,3.0,27.87,0.0,0.0,4.64565,0.0,0.0,0.0,5.9,56.463,,,,,,,,,,,,,,,,,,,,,,,,,,,,,,,,,,,,,,,,,,,,,,,,Myntra Designs Pvt Ltd,71171990,Accessories,,MISS ASTUTE,Women,Bangle,ON_HAND,false,MYEC1113557940,652705d5.be0c.473d.a99d.3db010cc236etCaSallcdS,403504,GA,3,0.0,0.0,929.13,0.5,0,0,0.0,0.0,,0.0,29ABGCS9514D1Z5,,KA,0.0,0.0,0.0,29AAECM9636P1ZJ,39377,,,,,,,,,,,,,,,,,,,,,,,PPMP,,,,,,,,,,ON_HAND,1128.0,,,1000100173575,14be040e-5d49-4c94-a191-75ed1f70327d,,11315062771,,BRAND,STANDARD
100273038499,133815169259977377203,2026-08-09T16:32:01.000+05:30,2026-08-09 16:43:00,I2927SV000000901,MIASARING139047859,delivered,2026-08-15 11:30:00,2026-08-19 21:05:17,,,,,INR,238.0,238.0,0.0,544.0,247.0,Inter-State,3.0,6.93,0.0,0.0,1.15535,0.0,0.0,0.0,0.0,0.0,,,,,,,,,,,,,,,,,,,,,,,,,,,,,,,,,,,,,,,,,,,,,,,,Myntra Designs Pvt Ltd,71171990,Accessories,,MISS ASTUTE,Women,Ring,ON_HAND,false,MYEC1114466265,353899eb.df1f.4209.910e.3556d09992088DI3ILXubZ,132001,HR,3,0.0,0.0,231.07,0.5,0,0,0.0,0.0,,0.0,29ABGCS9514D1Z5,,KA,0.0,0.0,0.0,29AAECM9636P1ZJ,39377,,,,,,,,,,,,,,,,,,,,,,,PPMP,,,,,,,,,,ON_HAND,297.0,,,1000108678845,98dd54cb-f6aa-4e6b-801f-1ce866d6f3af,,11327776399,,BRAND,STANDARD
100277235360,133834513996806103503,2026-08-11T22:16:08.000+05:30,2026-08-11 23:05:57,I2927SV000000920,MIASAEARR118063950,reverse_in_transit,2026-08-18 11:30:00,2026-08-16 19:56:35,2026-08-22 22:39:52,,return_refund,,INR,363.0,0.0,363.0,720.0,298.0,Inter-State,3.0,10.57,0.0,0.0,1.76215,0.0,0.0,0.0,0.0,0.0,,,,,,,,,,,,,,,,,,,,,,,,,,,,,,,,,,,,,,,,,,,,,,,,Myntra Designs Pvt Ltd,71171990,Accessories,,MISS ASTUTE,Women,Earrings,ON_HAND,false,MYEP1131505513,4959cfff.39df.4815.8dad.c9cd9a358c91OMuSohPcDk,201318,UP,3,0.0,0.0,352.43,0.5,0,0,0.0,0.0,,0.0,29ABGCS9514D1Z5,,KA,0.0,0.0,0.0,29AAECM9636P1ZJ,39377,,,,,,,,,,,,,,,,,,,,,,,PPMP,,,,,,,,,,ON_HAND,422.0,,,1000111730721,d98ef16e-4dbb-413f-bca4-a6b327118f6c,,11331975456,DLS,BRAND,STANDARD
100306748749,133982750468396354503,2026-08-29T02:02:13.000+05:30,2026-08-29 02:20:24,I2927SV000001045,MIASAEARR122418839,delivered,2026-09-02 11:30:00,2026-09-04 23:12:43,,,,,INR,277.0,277.0,0.0,624.0,312.0,Inter-State,3.0,8.07,0.0,0.0,1.3446500000000001,0.0,0.0,0.0,9.44,26.149,,,,,,,,,,,,,,,,,,,,,,,,,,,,,,,,,,,,,,,,,,,,,,,,Myntra Designs Pvt Ltd,71171990,Accessories,,MISS ASTUTE,Women,Earrings,ON_HAND,false,MYEC1116908978,cb420e91.d6a3.4a51.91f4.197bd7626089ztJKhJsAU8,122011,HR,3,0.0,0.0,268.93,0.5,0,0,0.0,0.0,,0.0,29ABGCS9514D1Z5,,KA,0.0,0.0,0.0,29AAECM9636P1ZJ,39377,,,,,,,,,,,,,,,,,,,,,,,PPMP,,,,,,,,,,ON_HAND,312.0,,,1000132145491,9428229f-3169-4afe-9210-b651ed85c06c,,11361514110,,BRAND,BRAND
100263683627,133775218225589814101,2026-08-05T01:33:30.000+05:30,2026-08-05 11:09:33,I2927SV000000880,MIASABANG128581223,delivered,2026-08-09 11:30:00,2026-08-09 18:27:09,,,,,INR,673.0,673.0,0.0,1299.0,532.0,Inter-State,3.0,19.6,0.0,0.0,3.267,0.0,0.0,0.0,5.9,39.707,,,,,,,,,,,,,,,,,,,,,,,,,,,,,,,,,,,,,,,,,,,,,,,,Myntra Designs Pvt Ltd,71171910,Accessories,,MISS ASTUTE,Women,Bangle,ON_HAND,false,MYEC1113843003,9f75fe98.2d17.43d0.b04c.9ee420da9cbfS1zQsShqk1,400025,MH,3,0.0,0.0,653.4,0.5,0,0,0.0,0.0,,0.0,29ABGCS9514D1Z5,,KA,0.0,0.0,0.0,29AAECM9636P1ZJ,39377,,,,,,,,,,,,,,,,,,,,,,,PPMP,,,,,,,,,,ON_HAND,767.0,,,1000102783462,a7ba9ffd-c7df-4125-b4d4-7217d4929605,,11318417922,,BRAND,STANDARD
100288134777,133886444762690885501,2026-08-17T22:31:16.000+05:30,2026-08-17 22:37:43,I2927SV000000965,MIASAEARR120379356,delivered,2026-08-22 11:30:00,2026-08-22 23:21:30,,,,,INR,478.0,375.632,102.368,1000.0,463.0,Inter-State,3.0,13.92,0.0,0.0,2.3204,0.0,0.0,0.0,9.44,45.124,,,,,,,,,,,,,,,,,,,,,,,,,,,,,,,,,,,,,,,,,,,,,,,,Myntra Designs Pvt Ltd,71171990,Accessories,,MISS ASTUTE,Women,Earrings,ON_HAND,false,MYEP1132343603,3458d320.679b.405a.af08.8bf011a9aab5WzrVyJ7jUD,122011,HR,3,0.0,0.0,464.08,0.5,0,0,0.0,0.0,,0.0,29ABGCS9514D1Z5,,KA,0.0,0.0,0.0,29AAECM9636P1ZJ,39377,,,,,,,,,,,,,,,,,,,,,,,PPMP,,,,,,,,,,ON_HAND,537.0,,,1000118809657,d7648160-abe6-454e-8829-0b73de601b2f,,11342883727,,BRAND,BRAND
100273592850,133816651625311643101,2026-08-09T20:39:04.000+05:30,2026-08-09 22:05:23,I2927SV000000904,MIASANECK120998685,delivered,2026-08-19 03:00:00,2026-08-20 20:42:13,,,,,INR,585.0,18.0,567.0,1152.0,473.0,Inter-State,3.0,17.04,0.0,0.0,2.8398000000000003,0.0,0.0,0.0,5.9,34.515,,,,,,,,,,,,,,,,,,,,,,,,,,,,,,,,,,,,,,,,,,,,,,,,Myntra Designs Pvt Ltd,71171990,Accessories,,MISS ASTUTE,Women,Necklace and Chains,ON_HAND,false,5965722493942,57aba431.cfc1.478a.97da.93ff07f715a2XJ9z8iTNA7,380059,GJ,3,0.0,0.0,567.96,0.5,0,0,0.0,0.0,,18.0,29ABGCS9514D1Z5,,KA,18.0,0.0,0.0,29AAECM9636P1ZJ,39377,,,,,,,,,,,,,,,,,,,,,,,PPMP,,,,,,,,,,ON_HAND,679.0,,,1000108890763,ef3375df-9ef3-40b0-ba1f-4e5a6bbe31bf,,11328330885,,BRAND,STANDARD
100286545455,133878339099155295903,2026-08-17T00:00:19.000+05:30,2026-08-17 09:07:17,I2927SV000000958,MIASAEARR120379360,delivered,2026-08-19 11:30:00,2026-08-18 18:08:18,,,,,INR,723.9999999999999,0.0,724.0,1320.0,502.0,Intra-State,3.0,0.0,10.54,10.54,0.0,1.7572999999999999,1.7572999999999999,0.0,9.44,68.346,,,,,,,,,,,,,,,,,,,,,,,,,,,,,,,,,,,,,,,,,,,,,,,,Myntra Designs Pvt Ltd,71171990,Accessories,,MISS ASTUTE,Women,Earrings,ON_HAND,false,MYEP1132163795,89efb0fe.a0ec.4162.b5fb.6ec7b01d615degOf1JuHW5,560072,KA,0.0,1.5,1.5,702.92,0,0.25,0.25,0.0,0.0,,0.0,29ABGCS9514D1Z5,,KA,0.0,0.0,0.0,29AAECM9636P1ZJ,39377,,,,,,,,,,,,,,,,,,,,,,,PPMP,,,,,,,,,,ON_HAND,817.9999999999999,,,1000117594692,bfb5e5a2-0272-4eae-bb62-067cdb72f19c,,11341292844,,BRAND,BRAND
100296118214,133925549405227764201,2026-08-22T11:08:42.000+05:30,2026-08-22 14:10:56,I2927SV000001010,MIASABANG141906971,delivered,2026-08-27 11:30:00,2026-08-26 19:43:18,,,,,INR,1291.0,0.0,1291.0,2450.0,935.0,Inter-State,3.0,37.6,0.0,0.0,6.267,0.0,0.0,0.0,15.34,198.039,,,,,,,,,,,,,,,,,,,,,,,,,,,,,,,,,,,,,,,,,,,,,,,,Myntra Designs Pvt Ltd,71171910,Accessories,,MISS ASTUTE,Women,Bangle,ON_HAND,false,MYEP1133159550,50648279.46ad.473f.811d.2ac8f0b0a9efIPrmkHxKar,400049,MH,3,0.0,0.0,1253.4,0.5,0,0,0.0,0.0,,0.0,29ABGCS9514D1Z5,,KA,0.0,0.0,0.0,29AAECM9636P1ZJ,39377,,,,,,,,,,,,,,,,,,,,,,,PPMP,,,,,,,,,,ON_HAND,1515.0,,,1000125334959,e03eb5a5-cfb1-49ac-bc42-98f0b6930742,,11350874091,,BRAND,BRAND
100283461689,133866478702362308303,2026-08-15T15:03:35.000+05:30,2026-08-15 16:20:28,I2927SV000000951,MIASAJWST141825780,delivered,2026-08-22 15:00:00,2026-08-21 22:49:16,,,,,INR,1367.0,1367.0,0.0,3410.0,1819.0,Inter-State,3.0,39.82,0.0,0.0,6.6359,0.0,0.0,0.0,11.8,161.306,,,,,,,,,,,,,,,,,,,,,,,,,,,,,,,,,,,,,,,,,,,,,,,,Myntra Designs Pvt Ltd,71171910,Accessories,,MISS ASTUTE,Women,Jewellery Set,ON_HAND,false,SF3459639291F,2dbc2d0a.f18f.448a.9131.fc4cddb7f7c9b0pCKi80HN,400097,MH,3,0.0,0.0,1327.18,0.5,0,0,0.0,0.0,,0.0,29ABGCS9514D1Z5,,KA,0.0,0.0,0.0,29AAECM9636P1ZJ,39377,,,,,,,,,,,,,,,,,,,,,,,PPMP,,,,,,,,,,ON_HAND,1591.0,,,1000115897736,8a46de07-11f1-47ed-9547-471e24622c76,,11338206776,,BRAND,BRAND
100293665155,133912520418602034401,2026-08-20T22:57:12.000+05:30,2026-08-21 08:29:10,I2927SV000001002,MIASAANKL134956771,delivered,2026-08-25 15:00:00,2026-08-24 22:29:21,,,,,INR,1438.0,1438.0,0.0,2688.0,1026.0,Inter-State,3.0,41.88,0.0,0.0,6.9806,0.0,0.0,0.0,11.8,169.684,,,,,,,,,,,,,,,,,,,,,,,,,,,,,,,,,,,,,,,,,,,,,,,,Myntra Designs Pvt Ltd,71171910,Accessories,,MISS ASTUTE,Women,Anklet,ON_HAND,false,SF3461849668F,80a25110.d9ac.4a29.9bd9.b252052c3530OJnDtt4kk0,600053,TN,3,0.0,0.0,1396.12,0.5,0,0,0.0,0.0,,0.0,29ABGCS9514D1Z5,,KA,0.0,0.0,0.0,29AAECM9636P1ZJ,39377,,,,,,,,,,,,,,,,,,,,,,,PPMP,,,,,,,,,,ON_HAND,1662.0,,,1000123269430,09b43db1-e6d5-40e9-8b60-40e069ed7a14,,11348418837,,BRAND,BRAND
100291918783,133904044812799360103,2026-08-19T23:24:36.000+05:30,2026-08-20 00:36:01,I2927SV000000991,MIASARING141828543,reverse_in_transit,2026-08-27 08:30:00,,,,release_rto_refund,,INR,471.0,471.0,0.0,855.0,325.0,Inter-State,3.0,13.72,0.0,0.0,2.2864,0.0,0.0,0.0,11.8,55.578,,,,,,,,,,,,,,,,,,,,,,,,,,,,,,,,,,,,,,,,,,,,,,,,Myntra Designs Pvt Ltd,71171910,Accessories,,MISS ASTUTE,Women,Ring,ON_HAND,false,MYEC1115843072,b8a780b5.8dd5.4418.b5f8.87a242d3c1c4CRru09zNt7,210208,UP,3,0.0,0.0,457.28,0.5,0,0,0.0,0.0,,0.0,29ABGCS9514D1Z5,,KA,0.0,0.0,0.0,29AAECM9636P1ZJ,39377,,,,,,,,,,,,,,,,,,,,,,,PPMP,,,,,,,,,,ON_HAND,530.0,,,1000121728191,08ab38db-dd0f-4f2f-885e-a369b1108779,,11346670912,,BRAND,BRAND
100304752591,133970484842575423803,2026-08-27T15:57:56.000+05:30,2026-08-27 18:13:41,I2927SV000001035,MIASABANG125037243,delivered,2026-09-02 11:30:00,2026-09-02 17:52:01,,,,,INR,624.0,0.0,624.0,1275.0,592.0,Inter-State,3.0,18.17,0.0,0.0,3.0291500000000005,0.0,0.0,0.0,9.44,58.906,,,,,,,,,,,,,,,,,,,,,,,,,,,,,,,,,,,,,,,,,,,,,,,,Myntra Designs Pvt Ltd,71171990,Accessories,,MISS ASTUTE,Women,Bangle,ON_HAND,false,MYEP1133816245,ff0baaf5.1831.4845.b48e.018c4486c8c4fbimy2zpHx,201310,UP,3,0.0,0.0,605.83,0.5,0,0,0.0,0.0,,0.0,29ABGCS9514D1Z5,,KA,0.0,0.0,0.0,29AAECM9636P1ZJ,39377,,,,,,,,,,,,,,,,,,,,,,,PPMP,,,,,,,,,,ON_HAND,683.0,,,1000131378226,61c43165-ae64-431f-9790-fd71316413db,,11359516150,,BRAND,BRAND
100289207838,133892456674495023201,2026-08-18T15:13:15.000+05:30,2026-08-18 18:45:22,I2927SV000000979,MIASANECK120998679,delivered,2026-08-28 11:30:00,2026-08-27 19:10:32,,,,,INR,410.0,29.999,380.001,855.0,410.0,Inter-State,3.0,11.94,0.0,0.0,1.9903,0.0,0.0,0.0,11.8,48.38,,,,,,,,,,,,,,,,,,,,,,,,,,,,,,,,,,,,,,,,,,,,,,,,Myntra Designs Pvt Ltd,71171990,Accessories,,MISS ASTUTE,Women,Necklace and Chains,ON_HAND,false,MYEP1132520682,6f907c2a.f652.4155.9d36.3cc2028eed61S27MFLAYra,796014,MZ,3,0.0,0.0,398.06,0.5,0,0,0.0,0.0,,30.0,29ABGCS9514D1Z5,,KA,30.0,0.0,0.0,29AAECM9636P1ZJ,39377,,,,,,,,,,,,,,,,,,,,,,,PPMP,,,,,,,,,,ON_HAND,445.0,,,1000120118739,69502bff-557a-410d-9ce0-7502d74e6f99,,11343957583,,BRAND,BRAND
100259835573,133757891919047905901,2026-08-03T01:25:47.000+05:30,2026-08-03 01:48:06,I2927SV000000866,MIASAJWST133408051,reverse_in_transit,2026-08-07 11:30:00,2026-08-07 22:01:27,2026-08-14 04:12:07,,return_refund,,INR,1704.0,0.0,1704.0,3399.0,1500.0,Inter-State,3.0,49.63,0.0,0.0,8.271849999999999,0.0,0.0,0.0,18.88,321.715,,,,,,,,,,,,,,,,,,,,,,,,,,,,,,,,,,,,,,,,,,,,,,,,Myntra Designs Pvt Ltd,71171990,Accessories,,MISS ASTUTE,Women,Jewellery Set,ON_HAND,false,MYEP1129961466,b6cce900.58ae.4d1e.86a1.47c7ce4642d7eet7nlm9FE,208020,UP,3,0.0,0.0,1654.37,0.5,0,0,0.0,0.0,,0.0,29ABGCS9514D1Z5,,KA,0.0,0.0,0.0,29AAECM9636P1ZJ,39377,,,,,,,,,,,,,,,,,,,,,,,PPMP,,,,,,,,,,ON_HAND,1899.0,,,1000099239110,33613539-f0cf-4ef5-b0b8-a759b98c415e,,11314569025,DLS,BRAND,STANDARD
100307980103,133990106109609827801,2026-08-29T22:28:09.000+05:30,2026-08-30 00:30:22,I2927SV000001051,MIASARING120965390,reverse_in_transit,2026-09-04 11:30:00,2026-09-03 22:26:40,2026-09-08 03:50:45,,return_refund,,INR,580.0,0.0,580.0,1560.0,921.0,Inter-State,3.0,16.89,0.0,0.0,2.81555,0.0,0.0,0.0,11.8,68.44,,,,,,,,,,,,,,,,,,,,,,,,,,,,,,,,,,,,,,,,,,,,,,,,Myntra Designs Pvt Ltd,71171990,Accessories,,MISS ASTUTE,Women,Ring,ON_HAND,false,MYEP1133994766,c3de3ff6.5691.4b5e.9d2e.07a2fe740358VeMkdA0z5A,400706,MH,3,0.0,0.0,563.11,0.5,0,0,0.0,0.0,,0.0,29ABGCS9514D1Z5,,KA,0.0,0.0,0.0,29AAECM9636P1ZJ,39377,,,,,,,,,,,,,,,,,,,,,,,PPMP,,,,,,,,,,ON_HAND,639.0,,,1000133208670,838bf3b3-2df9-493e-b347-d723f11446eb,,11362746500,DLS,BRAND,BRAND
100290343802,133897361206453832001,2026-08-19T04:50:40.000+05:30,2026-08-19 10:52:13,I2927SV000000983,MIASARING120965392,delivered,2026-08-24 11:30:00,2026-08-24 21:04:23,,,,,INR,677.0,0.0,677.0,1560.0,824.0,Inter-State,3.0,19.72,0.0,0.0,3.2864,0.0,0.0,0.0,11.8,79.886,,,,,,,,,,,,,,,,,,,,,,,,,,,,,,,,,,,,,,,,,,,,,,,,Myntra Designs Pvt Ltd,71171990,Accessories,,MISS ASTUTE,Women,Ring,ON_HAND,false,MYEP1132611841,72d70137.634c.4b91.b848.d353b32c3896YsuFlY4Q1i,314001,RJ,3,0.0,0.0,657.28,0.5,0,0,0.0,0.0,,0.0,29ABGCS9514D1Z5,,KA,0.0,0.0,0.0,29AAECM9636P1ZJ,39377,,,,,,,,,,,,,,,,,,,,,,,PPMP,,,,,,,,,,ON_HAND,736.0,,,1000120897576,2675de63-1068-4773-8a48-e5348fb79adf,,11345094314,,BRAND,BRAND
100282718688,133862196904074003603,2026-08-15T03:09:57.000+05:30,2026-08-15 10:07:54,I2927SV000000948,MIASAEARR130526993,delivered,2026-08-19 11:30:00,2026-08-20 02:27:21,,,,,INR,577.0,0.0,577.0,945.0,309.0,Inter-State,3.0,16.81,0.0,0.0,2.8009500000000003,0.0,0.0,0.0,9.44,54.469,,,,,,,,,,,,,,,,,,,,,,,,,,,,,,,,,,,,,,,,,,,,,,,,Myntra Designs Pvt Ltd,71171990,Accessories,,MISS ASTUTE,Women,Earrings,ON_HAND,false,MYEP1131968851,ee53f6cd.02c1.4356.bfe8.2c708c0949defR6j0x96Rd,629002,TN,3,0.0,0.0,560.19,0.5,0,0,0.0,0.0,,0.0,29ABGCS9514D1Z5,,KA,0.0,0.0,0.0,29AAECM9636P1ZJ,39377,,,,,,,,,,,,,,,,,,,,,,,PPMP,,,,,,,,,,ON_HAND,636.0,,,1000115627447,da736a66-4d56-4e56-9d1a-8e933bd1f6e2,,11337462926,,BRAND,BRAND
100291123987,133901350166431006903,2026-08-19T15:55:30.000+05:30,2026-08-19 18:54:25,I2927SV000000988,MIASAJWST129818478,reverse_in_transit,2026-08-22 11:30:00,2026-08-22 16:39:13,2026-08-23 05:45:51,,return_refund,,INR,2004.0,0.0,2004.0,3350.0,998.0,Inter-State,3.0,58.37,0.0,0.0,9.728150000000001,0.0,0.0,0.0,11.8,236.472,,,,,,,,,,,,,,,,,,,,,,,,,,,,,,,,,,,,,,,,,,,,,,,,Myntra Designs Pvt Ltd,71171990,Accessories,,MISS ASTUTE,Women,Jewellery Set,ON_HAND,false,MYEP1132698825,e775fde4.2471.4626.9e42.d3c427f424dbD3Dr1uehU0,600044,TN,3,0.0,0.0,1945.63,0.5,0,0,0.0,0.0,,0.0,29ABGCS9514D1Z5,,KA,0.0,0.0,0.0,29AAECM9636P1ZJ,39377,,,,,,,,,,,,,,,,,,,,,,,PPMP,,,,,,,,,,ON_HAND,2352.0,,,1000121537668,d6104130-297c-46e6-9319-935c4ba76f6c,,11345875649,DLS,BRAND,BRAND
100289057783,133891909111980659001,2026-08-18T13:41:59.000+05:30,2026-08-18 14:02:52,I2927SV000000973,MIASARING130018537,reverse_in_transit,2026-08-22 11:30:00,2026-08-23 00:28:11,2026-08-23 22:54:26,,return_refund,,INR,526.0,0.0,526.0,1199.0,614.0,Inter-State,3.0,15.32,0.0,0.0,2.5534,0.0,0.0,0.0,11.8,62.068,,,,,,,,,,,,,,,,,,,,,,,,,,,,,,,,,,,,,,,,,,,,,,,,Myntra Designs Pvt Ltd,71171990,Accessories,,MISS ASTUTE,Women,Ring,ON_HAND,false,MYEP1132490519,35dfae81.4165.45dc.a38b.3305265a5af97l9wmPu8qd,700078,WB,3,0.0,0.0,510.68,0.5,0,0,0.0,0.0,,0.0,29ABGCS9514D1Z5,,KA,0.0,0.0,0.0,29AAECM9636P1ZJ,39377,,,,,,,,,,,,,,,,,,,,,,,PPMP,,,,,,,,,,ON_HAND,585.0,,,1000119839976,cca1032b-31a6-4454-808e-0dc09772d907,,11343807519,DLS,BRAND,BRAND
100268285081,133796795031216164003,2026-08-07T13:29:38.000+05:30,2026-08-07 13:42:56,I2927SV000000895,MIASAEARR118063944,delivered,2026-08-13 11:30:00,2026-08-08 23:20:27,,,,,INR,394.0,0.0,394.0,585.0,132.0,Intra-State,3.0,0.0,5.74,5.74,0.0,0.9562999999999999,0.9562999999999999,0.0,0.0,0.0,,,,,,,,,,,,,,,,,,,,,,,,,,,,,,,,,,,,,,,,,,,,,,,,Myntra Designs Pvt Ltd,71171990,Accessories,,MISS ASTUTE,Women,Earrings,ON_HAND,false,MYEP1130795968,6208849c.d88f.408f.9c7e.39c8db4746dc2T36co6Vtn,560068,KA,0.0,1.5,1.5,382.52,0,0.25,0.25,0.0,0.0,,0.0,29ABGCS9514D1Z5,,KA,0.0,0.0,0.0,29AAECM9636P1ZJ,39377,,,,,,,,,,,,,,,,,,,,,,,PPMP,,,,,,,,,,ON_HAND,453.0,,,1000105823609,73588196-c549-453a-aeb6-5996cdccdbf9,,11323020919,,BRAND,STANDARD
100280971026,133854704281668282901,2026-08-14T06:21:11.000+05:30,2026-08-14 08:55:49,I2927SV000000935,MIASAEARR120379356,reverse_in_transit,2026-08-18 11:30:00,,,,release_rto_refund,,INR,600.0,600.0,0.0,1000.0,341.0,Inter-State,3.0,17.48,0.0,0.0,2.9126,0.0,0.0,0.0,9.44,56.64,,,,,,,,,,,,,,,,,,,,,,,,,,,,,,,,,,,,,,,,,,,,,,,,Myntra Designs Pvt Ltd,71171990,Accessories,,MISS ASTUTE,Women,Earrings,ON_HAND,false,MYEC1115072930,305fe0e6.5b6b.44ba.a22b.2039540af2edQzZp3C7Z1v,401201,MH,3,0.0,0.0,582.52,0.5,0,0,0.0,0.0,,10.0,29ABGCS9514D1Z5,,KA,10.0,0.0,0.0,29AAECM9636P1ZJ,39377,,,,,,,,,,,,,,,,,,,,,,,PPMP,,,,,,,,,,ON_HAND,659.0,,,1000114350693,1ec63f23-fb7b-458c-80d0-ec2f0e91a985,,11335713763,,BRAND,BRAND
100258007200,133752774042066626001,2026-08-02T11:12:48.000+05:30,2026-08-02 13:28:22,I2927SV000000857,MIASAEARR118063950,delivered,2026-08-05 11:30:00,2026-08-07 23:08:16,,,,,INR,355.0,0.0,355.0,720.0,306.0,Inter-State,3.0,10.34,0.0,0.0,1.7233,0.0,0.0,0.0,0.0,0.0,,,,,,,,,,,,,,,,,,,,,,,,,,,,,,,,,,,,,,,,,,,,,,,,Myntra Designs Pvt Ltd,71171990,Accessories,,MISS ASTUTE,Women,Earrings,ON_HAND,false,MYEP1129924016,ee66ec00.2c13.4f71.97ea.4a209b634b6cJlojyWs1c0,695008,KL,3,0.0,0.0,344.66,0.5,0,0,0.0,0.0,,0.0,29ABGCS9514D1Z5,,KA,0.0,0.0,0.0,29AAECM9636P1ZJ,39377,,,,,,,,,,,,,,,,,,,,,,,PPMP,,,,,,,,,,ON_HAND,414.0,,,1000098696200,19ffd4fa-468b-49e2-8b9c-27c03c700059,,11312740427,,BRAND,STANDARD
100262194078,133770264493273666501,2026-08-04T11:47:53.000+05:30,2026-08-04 11:52:55,I2927SV000000873,MIASABANG128581240,delivered,2026-08-10 11:30:00,2026-08-10 23:35:24,,,,,INR,673.0,0.0,673.0,1499.0,732.0,Inter-State,3.0,19.6,0.0,0.0,3.267,0.0,0.0,0.0,5.9,39.707,,,,,,,,,,,,,,,,,,,,,,,,,,,,,,,,,,,,,,,,,,,,,,,,Myntra Designs Pvt Ltd,71171910,Accessories,,MISS ASTUTE,Women,Bangle,ON_HAND,false,MYEP1130279249,673fbe24.d051.411e.96dd.502c37074874izOSfvggp7,221008,UP,3,0.0,0.0,653.4,0.5,0,0,0.0,0.0,,0.0,29ABGCS9514D1Z5,,KA,0.0,0.0,0.0,29AAECM9636P1ZJ,39377,,,,,,,,,,,,,,,,,,,,,,,PPMP,,,,,,,,,,ON_HAND,767.0,,,1000101517738,b446ec1a-0c8c-4492-a320-6cbb2e4e53d6,,11316928107,,BRAND,STANDARD
100269951452,133804054744594711001,2026-08-08T09:39:35.000+05:30,2026-08-08 10:03:09,I2927SV000000896,MIASAJWST129818478,reverse_in_transit,2026-08-11 11:30:00,,,,release_rto_refund,,INR,2182.0,0.0,2182.0,3350.0,938.0,Inter-State,3.0,63.55,0.0,0.0,10.59225,0.0,0.0,0.0,20.06,437.709,,,,,,,,,,,,,,,,,,,,,,,,,,,,,,,,,,,,,,,,,,,,,,,,Myntra Designs Pvt Ltd,71171990,Accessories,,MISS ASTUTE,Women,Jewellery Set,ON_HAND,false,MYEP1130872982,96754ff9.53e1.4a9e.841c.782be0b1990cfqZR5gMNc9,533005,AP,3,0.0,0.0,2118.45,0.5,0,0,0.0,0.0,,0.0,29ABGCS9514D1Z5,,KA,0.0,0.0,0.0,29AAECM9636P1ZJ,39377,,,,,,,,,,,,,,,,,,,,,,,PPMP,,,,,,,,,,ON_HAND,2412.0,,,1000106674296,fd31ed35-51c3-43c8-a85e-6a8580e4796d,,11324687832,,BRAND,STANDARD
100306662737,133982078946603086703,2026-08-29T00:10:17.000+05:30,2026-08-29 00:54:52,I2927SV000001043,MIASARING120965392,reverse_in_transit,2026-09-02 11:30:00,2026-09-01 17:11:01,2026-09-06 05:07:53,,return_refund,,INR,677.0,0.0,677.0,1560.0,824.0,Inter-State,3.0,19.72,0.0,0.0,3.2864,0.0,0.0,0.0,11.8,79.886,,,,,,,,,,,,,,,,,,,,,,,,,,,,,,,,,,,,,,,,,,,,,,,,Myntra Designs Pvt Ltd,71171990,Accessories,,MISS ASTUTE,Women,Ring,ON_HAND,false,MYEP1133871809,43773160.a2a3.4fd8.bf45.ab8d77a9d7370NGarU4caQ,394210,GJ,3,0.0,0.0,657.28,0.5,0,0,0.0,0.0,,0.0,29ABGCS9514D1Z5,,KA,0.0,0.0,0.0,29AAECM9636P1ZJ,39377,,,,,,,,,,,,,,,,,,,,,,,PPMP,,,,,,,,,,ON_HAND,736.0,,,1000132115300,a1f42183-cbce-4be8-8e98-9e398fa91e79,,11361428098,DLS,BRAND,BRAND
100264463725,133779973763626783501,2026-08-05T14:46:06.000+05:30,2026-08-06 01:24:33,I2927SV000000884,MIASAJWST129818478,reverse_in_transit,2026-08-08 11:30:00,2026-08-09 17:22:43,2026-08-09 18:41:12,,return_refund,,INR,2182.0,200.0,1982.0,3350.0,938.0,Inter-State,3.0,63.55,0.0,0.0,10.59225,0.0,0.0,0.0,20.06,437.709,,,,,,,,,,,,,,,,,,,,,,,,,,,,,,,,,,,,,,,,,,,,,,,,Myntra Designs Pvt Ltd,71171990,Accessories,,MISS ASTUTE,Women,Jewellery Set,ON_HAND,false,MYEP1130509291,e775fde4.2471.4626.9e42.d3c427f424dbD3Dr1uehU0,600044,TN,3,0.0,0.0,2118.45,0.5,0,0,0.0,0.0,,200.0,29ABGCS9514D1Z5,,KA,200.0,0.0,0.0,29AAECM9636P1ZJ,39377,,,,,,,,,,,,,,,,,,,,,,,PPMP,,,,,,,,,,ON_HAND,2412.0,,,1000103561381,a75e9110-d039-4edf-85ba-6a40fd421d36,,11319198275,DLS,BRAND,STANDARD
100290682419,133899744105433783801,2026-08-19T11:27:49.000+05:30,2026-08-19 11:30:30,I2927SV000000985,MIASAEARR118063920,delivered,2026-08-20 11:30:00,2026-08-20 19:59:39,,,,,INR,312.00000000000006,0.0,312.0,765.0,418.0,Intra-State,3.0,0.0,4.54,4.54,0.0,0.7573000000000001,0.7573000000000001,0.0,9.44,29.453,,,,,,,,,,,,,,,,,,,,,,,,,,,,,,,,,,,,,,,,,,,,,,,,Myntra Designs Pvt Ltd,71171990,Accessories,,MISS ASTUTE,Women,Earrings,ON_HAND,false,MYEP1132628723,d3dc301b.9914.4cb5.b3c0.37c900c18a68s5vT2RlfBI,560087,KA,0.0,1.5,1.5,302.92,0,0.25,0.25,0.0,0.0,,0.0,29ABGCS9514D1Z5,,KA,0.0,0.0,0.0,29AAECM9636P1ZJ,39377,,,,,,,,,,,,,,,,,,,,,,,PPMP,,,,,,,,,,ON_HAND,347.00000000000006,,,1000121001888,f516964f-cfb0-4db2-a367-92520d1e9b23,,11345433610,,BRAND,BRAND
100306170117,133979646095896593101,2026-08-28T17:24:49.000+05:30,2026-08-28 22:31:56,I2927SV000001039,MIASAEARR130297073,delivered,2026-09-05 11:30:00,2026-09-05 17:33:11,,,,,INR,670.0,670.0,0.0,1140.0,411.0,Inter-State,3.0,19.51,0.0,0.0,3.25245,0.0,0.0,0.0,9.44,63.248,,,,,,,,,,,,,,,,,,,,,,,,,,,,,,,,,,,,,,,,,,,,,,,,Myntra Designs Pvt Ltd,71171100,Accessories,,MISS ASTUTE,Women,Earrings,ON_HAND,false,MYEC1116905219,43030698.c6e0.4908.89fa.266ed097603cTXDjztjwoJ,781001,AS,3,0.0,0.0,650.49,0.5,0,0,0.0,0.0,,0.0,29ABGCS9514D1Z5,,KA,0.0,0.0,0.0,29AAECM9636P1ZJ,39377,,,,,,,,,,,,,,,,,,,,,,,PPMP,,,,,,,,,,ON_HAND,729.0,,,1000132063457,ea6d6f1b-063c-4f24-92a2-5a86c9afac7a,,11360935345,,BRAND,BRAND
100288626477,133890247750438280503,2026-08-18T09:05:05.000+05:30,2026-08-18 13:33:10,I2927SV000000972,MIASABANG128581240,delivered,2026-08-20 11:30:00,2026-08-20 14:32:23,,,,,INR,704.01,0.0,704.0,1499.0,701.0,Inter-State,3.0,20.51,0.0,0.0,3.4175,0.0,0.0,0.0,9.44,66.458,,,,,,,,,,,,,,,,,,,,,,,,,,,,,,,,,,,,,,,,,,,,,,,,Myntra Designs Pvt Ltd,71171910,Accessories,,MISS ASTUTE,Women,Bangle,ON_HAND,false,MYEP1132483424,95094733.c0db.4528.9926.b92156c1d686h9mDkgHEoW,516002,AP,3,0.0,0.0,683.5,0.5,0,0,0.0,0.0,,0.0,29ABGCS9514D1Z5,,KA,0.0,0.0,0.0,29AAECM9636P1ZJ,39377,,,,,,,,,,,,,,,,,,,,,,,PPMP,,,,,,,,,,ON_HAND,798.01,,,1000119795071,57b8ee49-3f29-4609-907f-2a924c26ccc4,,11343375427,,BRAND,BRAND
100311150137,134007015345677376503,2026-08-31T21:26:21.000+05:30,2026-09-01 11:10:37,I2927SV000001077,MIASAEARR118063946,delivered,2026-09-05 11:30:00,2026-09-04 23:49:45,,,,,INR,362.0,26.0,336.0,630.0,233.0,Inter-State,3.0,10.54,0.0,0.0,1.7572999999999999,0.0,0.0,0.0,9.44,34.172,,,,,,,,,,,,,,,,,,,,,,,,,,,,,,,,,,,,,,,,,,,,,,,,Myntra Designs Pvt Ltd,71171990,Accessories,,MISS ASTUTE,Women,Earrings,ON_HAND,false,MYEP1134304089,ee8d38b6.e2d8.4fa8.bac4.5c661d4f6b91xKxfw4kmT2,410209,MH,3,0.0,0.0,351.46,0.5,0,0,0.0,0.0,,26.0,29ABGCS9514D1Z5,,KA,26.0,0.0,0.0,29AAECM9636P1ZJ,39377,,,,,,,,,,,,,,,,,,,,,,,PPMP,,,,,,,,,,ON_HAND,397.0,,,1000136015785,e3b55ef3-a03b-4b42-ad80-c1c5fb16757b,,11365917992,,BRAND,BRAND
100263683625,133775218225589814101,2026-08-05T01:33:30.000+05:30,2026-08-05 11:10:27,I2927SV000000881,MIASABANG128581230,delivered,2026-08-09 11:30:00,2026-08-09 18:27:08,,,,,INR,673.0,673.0,0.0,1299.0,532.0,Inter-State,3.0,19.6,0.0,0.0,3.267,0.0,0.0,0.0,5.9,39.707,,,,,,,,,,,,,,,,,,,,,,,,,,,,,,,,,,,,,,,,,,,,,,,,Myntra Designs Pvt Ltd,71171910,Accessories,,MISS ASTUTE,Women,Bangle,ON_HAND,false,MYEC1113843756,9f75fe98.2d17.43d0.b04c.9ee420da9cbfS1zQsShqk1,400025,MH,3,0.0,0.0,653.4,0.5,0,0,0.0,0.0,,0.0,29ABGCS9514D1Z5,,KA,0.0,0.0,0.0,29AAECM9636P1ZJ,39377,,,,,,,,,,,,,,,,,,,,,,,PPMP,,,,,,,,,,ON_HAND,767.0,,,1000102785845,e3acc6d7-b062-4b7b-8063-a612c75dc0a0,,11318417920,,BRAND,STANDARD
100275758277,133826457304696219901,2026-08-10T23:53:21.000+05:30,2026-08-11 12:27:21,I2927SV000000915,MIASAJWST129818470,reverse_in_transit,2026-08-14 11:30:00,2026-08-12 22:39:28,2026-08-13 16:35:18,,return_refund,,INR,2239.0000000000005,2239.0,0.0,3350.0,881.0,Intra-State,3.0,0.0,32.61,32.61,0.0,5.434450000000001,5.434450000000001,0.0,20.06,449.143,,,,,,,,,,,,,,,,,,,,,,,,,,,,,,,,,,,,,,,,,,,,,,,,Myntra Designs Pvt Ltd,71171990,Accessories,,MISS ASTUTE,Women,Jewellery Set,ON_HAND,false,MYEC1114754640,14774466.b0a7.4e19.8f05.198596f8af9atmLwzRNqLJ,560036,KA,0.0,1.5,1.5,2173.78,0,0.25,0.25,0.0,0.0,,0.0,29ABGCS9514D1Z5,,KA,0.0,0.0,0.0,29AAECM9636P1ZJ,39377,,,,,,,,,,,,,,,,,,,,,,,PPMP,,,,,,,,,,ON_HAND,2469.0000000000005,,,1000111234584,d60e6547-db2e-4bcb-bc64-94eca168e3ff,,11330497293,DLS,BRAND,STANDARD
100255509973,133741441351026465801,2026-08-01T03:44:01.000+05:30,2026-08-01 09:21:59,I2927SV000000848,MIASAEARR118063952,delivered,2026-08-05 11:30:00,2026-08-06 00:57:08,,,,,INR,340.0,0.0,340.0,630.0,231.0,Inter-State,3.0,9.9,0.0,0.0,1.6505,0.0,0.0,0.0,0.0,0.0,,,,,,,,,,,,,,,,,,,,,,,,,,,,,,,,,,,,,,,,,,,,,,,,Myntra Designs Pvt Ltd,71171990,Accessories,,MISS ASTUTE,Women,Earrings,ON_HAND,false,MYEP1129725742,ee6da001.1c3e.492b.97af.3388607180a4RQdszGmgdL,122004,HR,3,0.0,0.0,330.1,0.5,0,0,0.0,0.0,,0.0,29ABGCS9514D1Z5,,KA,0.0,0.0,0.0,29AAECM9636P1ZJ,39377,,,,,,,,,,,,,,,,,,,,,,,PPMP,,,,,,,,,,ON_HAND,399.0,,,1000096945028,b04ac3a8-63a7-495d-9b63-79cfb930500a,,11310242667,,BRAND,STANDARD
100266964689,133790513766804837801,2026-08-06T20:02:46.000+05:30,2026-08-06 22:55:19,I2927SV000000891,MIASAEARR118063951,reverse_in_transit,2026-08-12 11:30:00,,,,release_rto_refund,,INR,340.0,340.0,0.0,630.0,231.0,Inter-State,3.0,9.9,0.0,0.0,1.6505,0.0,0.0,0.0,0.0,0.0,,,,,,,,,,,,,,,,,,,,,,,,,,,,,,,,,,,,,,,,,,,,,,,,Myntra Designs Pvt Ltd,71171990,Accessories,,MISS ASTUTE,Women,Earrings,ON_HAND,false,MYEC1114068683,d51c79fd.0f8b.4f1f.8854.913feef9d1efRitQBftUwC,800004,BR,3,0.0,0.0,330.1,0.5,0,0,0.0,0.0,,0.0,29ABGCS9514D1Z5,,KA,0.0,0.0,0.0,29AAECM9636P1ZJ,39377,,,,,,,,,,,,,,,,,,,,,,,PPMP,,,,,,,,,,ON_HAND,399.0,,,1000104865919,3e19b41a-82cd-4526-a3e2-254ab3847408,,11321700138,,BRAND,STANDARD
100285539238,133875451632835616403,2026-08-16T15:59:04.000+05:30,2026-08-16 19:39:28,I2927SV000000955,MIASABANG128581240,delivered,2026-08-22 11:30:00,2026-08-22 16:53:07,,,,,INR,704.01,0.0,704.0,1499.0,701.0,Inter-State,3.0,20.51,0.0,0.0,3.4175,0.0,0.0,0.0,9.44,66.458,,,,,,,,,,,,,,,,,,,,,,,,,,,,,,,,,,,,,,,,,,,,,,,,Myntra Designs Pvt Ltd,71171910,Accessories,,MISS ASTUTE,Women,Bangle,ON_HAND,false,MYEP1132134684,428845a1.5f0a.4f61.8676.e4e063428311EJsIHibPT4,390007,GJ,3,0.0,0.0,683.5,0.5,0,0,0.0,0.0,,0.0,29ABGCS9514D1Z5,,KA,0.0,0.0,0.0,29AAECM9636P1ZJ,39377,,,,,,,,,,,,,,,,,,,,,,,PPMP,,,,,,,,,,ON_HAND,798.01,,,1000117167240,7d9fd4eb-8de5-4915-a1dc-469788e94108,,11340286240,,BRAND,BRAND
100276335488,133830998981624368901,2026-08-11T12:30:18.000+05:30,2026-08-11 12:45:22,I2927SV000000918,MIASAJWST130297074,delivered,2026-08-15 11:30:00,2026-08-15 16:58:24,,,,,INR,1488.0,0.0,1488.0,3699.0,2016.0,Inter-State,3.0,43.34,0.0,0.0,7.223300000000001,0.0,0.0,0.0,18.88,280.934,,,,,,,,,,,,,,,,,,,,,,,,,,,,,,,,,,,,,,,,,,,,,,,,Myntra Designs Pvt Ltd,71171990,Accessories,,MISS ASTUTE,Women,Jewellery Set,ON_HAND,false,MYEP1131456579,8008a07e.2d69.4d04.87af.d697aa2082f5rHKcLYOCHB,385535,GJ,3,0.0,0.0,1444.66,0.5,0,0,0.0,0.0,,0.0,29ABGCS9514D1Z5,,KA,0.0,0.0,0.0,29AAECM9636P1ZJ,39377,,,,,,,,,,,,,,,,,,,,,,,PPMP,,,,,,,,,,ON_HAND,1683.0,,,1000111263031,e0c76343-f30c-4b5b-a0d9-bbbf3d8819fa,,11331075040,,BRAND,STANDARD
100307033968,133986120057451476801,2026-08-29T11:23:49.000+05:30,2026-08-29 14:23:17,I2927SV000001047,MIASABANG125037243,delivered,2026-09-02 11:30:00,2026-09-01 22:29:05,,,,,INR,624.0,0.0,624.0,1275.0,592.0,Inter-State,3.0,18.17,0.0,0.0,3.0291500000000005,0.0,0.0,0.0,9.44,58.906,,,,,,,,,,,,,,,,,,,,,,,,,,,,,,,,,,,,,,,,,,,,,,,,Myntra Designs Pvt Ltd,71171990,Accessories,,MISS ASTUTE,Women,Bangle,ON_HAND,false,MYEP1133977612,cdd50902.11f1.4e96.8987.f11788449f7aOQJdp9bJ9D,400608,MH,3,0.0,0.0,605.83,0.5,0,0,0.0,0.0,,0.0,29ABGCS9514D1Z5,,KA,0.0,0.0,0.0,29AAECM9636P1ZJ,39377,,,,,,,,,,,,,,,,,,,,,,,PPMP,,,,,,,,,,ON_HAND,683.0,,,1000132891995,ec6adfbe-ab80-4eb0-923e-47b1f32226b3,,11361799770,,BRAND,BRAND
100308152269,133990828679569621101,2026-08-30T00:28:35.000+05:30,2026-08-30 00:30:03,I2927SV000001050,MIASAJWST129818473,reverse_in_transit,2026-09-02 11:30:00,2026-09-03 02:51:30,2026-09-09 05:14:25,,return_refund,,INR,2004.0,0.0,2004.0,3350.0,1116.0,Inter-State,3.0,58.37,0.0,0.0,9.728150000000001,0.0,0.0,0.0,11.8,236.472,,,,,,,,,,,,,,,,,,,,,,,,,,,,,,,,,,,,,,,,,,,,,,,,Myntra Designs Pvt Ltd,71171990,Accessories,,MISS ASTUTE,Women,Jewellery Set,ON_HAND,false,MYEP1133994520,eb065e36.e95d.4121.a7b0.b61651d54c9ebsnMYud97c,600071,TN,3,0.0,0.0,1945.63,0.5,0,0,0.0,0.0,,0.0,29ABGCS9514D1Z5,,KA,0.0,0.0,0.0,29AAECM9636P1ZJ,39377,,,,,,,,,,,,,,,,,,,,,,,PPMP,,,,,,,,,,ON_HAND,2234.0,,,1000133208533,9a619e28-3343-416b-bf6f-edf83b8fae3e,,11362918667,DLS,BRAND,BRAND
100291950462,133904143013790124901,2026-08-19T23:40:58.000+05:30,2026-08-20 00:36:50,I2927SV000000993,MIASAJWST139041071,reverse_in_transit,2026-08-22 11:30:00,2026-08-22 17:36:30,2026-08-29 05:07:52,,return_refund,,INR,2435.0,0.0,2435.0,4970.0,2187.0,Inter-State,3.0,70.92,0.0,0.0,11.8204,0.0,0.0,0.0,11.8,287.33,,,,,,,,,,,,,,,,,,,,,,,,,,,,,,,,,,,,,,,,,,,,,,,,Myntra Designs Pvt Ltd,71171990,Accessories,,MISS ASTUTE,Women,Jewellery Set,ON_HAND,false,MYEP1132710229,10605fd3.546b.48c9.b7c7.bb5502771640hq13ngV1Lw,516227,AP,3,0.0,0.0,2364.08,0.5,0,0,0.0,0.0,,0.0,29ABGCS9514D1Z5,,KA,0.0,0.0,0.0,29AAECM9636P1ZJ,39377,,,,,,,,,,,,,,,,,,,,,,,PPMP,,,,,,,,,,ON_HAND,2783.0,,,1000121728621,1dce42c7-5051-44d6-8965-0655978e15b2,,11346702591,DLS,BRAND,BRAND
100288634512,133890291436062530701,2026-08-18T09:12:22.000+05:30,2026-08-18 13:31:25,I2927SV000000968,MIASAANKL134956771,reverse_in_transit,2026-08-20 11:30:00,2026-08-21 00:37:18,2026-08-24 22:24:33,,return_refund,,INR,1438.0,0.0,1438.0,2688.0,1026.0,Inter-State,3.0,41.88,0.0,0.0,6.9806,0.0,0.0,0.0,11.8,169.684,,,,,,,,,,,,,,,,,,,,,,,,,,,,,,,,,,,,,,,,,,,,,,,,Myntra Designs Pvt Ltd,71171910,Accessories,,MISS ASTUTE,Women,Anklet,ON_HAND,false,MYEP1132483375,b8ca3c2e.8eaf.4cb9.965c.59f6bf2d7cebnLDAM1Hmlg,500089,TG,3,0.0,0.0,1396.12,0.5,0,0,0.0,0.0,,0.0,29ABGCS9514D1Z5,,KA,0.0,0.0,0.0,29AAECM9636P1ZJ,39377,,,,,,,,,,,,,,,,,,,,,,,PPMP,,,,,,,,,,ON_HAND,1662.0,,,1000119792217,f9c89396-49dd-421a-a399-ca817670f0c7,,11343383462,DLS,BRAND,BRAND
100296264878,133926031263248314701,2026-08-22T12:29:01.000+05:30,2026-08-22 14:11:25,I2927SV000001011,MIASABANG128581236,reverse_in_transit,2026-08-23 11:30:00,,,,release_rto_refund,,INR,404.0,404.0,0.0,799.0,360.0,Intra-State,3.0,0.0,5.88,5.88,0.0,0.9806,0.9806,0.0,9.44,38.138,,,,,,,,,,,,,,,,,,,,,,,,,,,,,,,,,,,,,,,,,,,,,,,,Myntra Designs Pvt Ltd,71171910,Accessories,,MISS ASTUTE,Women,Bangle,ON_HAND,false,MYEC1116251332,e8cf2217.d3f6.480a.b1d5.f15d3019649ea1K84x4lE2,560068,KA,0.0,1.5,1.5,392.24,0,0.25,0.25,0.0,0.0,,0.0,29ABGCS9514D1Z5,,KA,0.0,0.0,0.0,29AAECM9636P1ZJ,39377,,,,,,,,,,,,,,,,,,,,,,,PPMP,,,,,,,,,,ON_HAND,439.0,,,1000125335539,9040c3b3-1b0e-49eb-a8e5-dc31cc1b5167,,11351020911,,BRAND,BRAND
100282386058,133860549718071014801,2026-08-14T22:35:25.000+05:30,2026-08-14 23:19:38,I2927SV000000941,MIASARING120965392,delivered,2026-08-18 11:30:00,2026-08-18 18:37:13,,,,,INR,677.0,0.0,677.0,1560.0,789.0,Intra-State,3.0,0.0,9.86,9.86,0.0,1.6432,1.6432,0.0,11.8,79.886,,,,,,,,,,,,,,,,,,,,,,,,,,,,,,,,,,,,,,,,,,,,,,,,Myntra Designs Pvt Ltd,71171990,Accessories,,MISS ASTUTE,Women,Ring,ON_HAND,false,MYEP1131950692,fb1b2b52.6cb2.4f59.9f60.7662e4126d75H6Eg1yKjcn,560067,KA,0.0,1.5,1.5,657.28,0,0.25,0.25,0.0,0.0,,0.0,29ABGCS9514D1Z5,,KA,0.0,0.0,0.0,29AAECM9636P1ZJ,39377,,,,,,,,,,,,,,,,,,,,,,,PPMP,,,,,,,,,,ON_HAND,771.0,,,1000115383884,5eaabaae-f80f-4dc4-90b2-29b1380a0707,,11337130291,,BRAND,BRAND
100290422321,133898546301326373603,2026-08-19T08:08:11.000+05:30,2026-08-19 10:52:30,I2927SV000000984,MIASARING120965390,delivered,2026-08-27 11:30:00,2026-08-27 17:46:51,,,,,INR,677.0,0.0,677.0,1560.0,824.0,Inter-State,3.0,19.72,0.0,0.0,3.2864,0.0,0.0,0.0,11.8,79.886,,,,,,,,,,,,,,,,,,,,,,,,,,,,,,,,,,,,,,,,,,,,,,,,Myntra Designs Pvt Ltd,71171990,Accessories,,MISS ASTUTE,Women,Ring,ON_HAND,false,MYEP1132611955,f7c26069.0171.4488.a505.f527622573a6lBmHvrfyZr,182222,JK,3,0.0,0.0,657.28,0.5,0,0,0.0,0.0,,0.0,29ABGCS9514D1Z5,,KA,0.0,0.0,0.0,29AAECM9636P1ZJ,39377,,,,,,,,,,,,,,,,,,,,,,,PPMP,,,,,,,,,,ON_HAND,736.0,,,1000120898321,f9b36ffa-f12a-4927-8948-1e9b129bd9a3,,11345172833,,BRAND,BRAND
100291905229,133904005276326351801,2026-08-19T23:18:01.000+05:30,2026-08-20 00:37:53,I2927SV000000994,MIASAANKL134956771,reverse_in_transit,2026-08-25 11:30:00,,,,release_rto_refund,,INR,1438.0,0.0,1438.0,2688.0,1026.0,Inter-State,3.0,41.88,0.0,0.0,6.9806,0.0,0.0,0.0,11.8,169.684,,,,,,,,,,,,,,,,,,,,,,,,,,,,,,,,,,,,,,,,,,,,,,,,Myntra Designs Pvt Ltd,71171910,Accessories,,MISS ASTUTE,Women,Anklet,ON_HAND,false,MYEP1132710222,eed16ab0.035d.4930.b1d2.7004ba98dfd45ocY9oIigO,281504,UP,3,0.0,0.0,1396.12,0.5,0,0,0.0,0.0,,0.0,29ABGCS9514D1Z5,,KA,0.0,0.0,0.0,29AAECM9636P1ZJ,39377,,,,,,,,,,,,,,,,,,,,,,,PPMP,,,,,,,,,,ON_HAND,1662.0,,,1000121729192,8854cfbb-a407-4ffd-a712-621f3a7b32c1,,11346657358,,BRAND,BRAND
100292528630,133908451937717344901,2026-08-20T11:39:07.000+05:30,2026-08-20 12:52:15,I2927SV000000995,MIASABANG125037243,reverse_in_transit,2026-08-24 11:30:00,2026-08-24 22:28:45,2026-08-25 00:29:34,,return_refund,,INR,514.0,0.0,514.0,1275.0,702.0,Inter-State,3.0,14.97,0.0,0.0,2.4951499999999998,0.0,0.0,0.0,9.44,48.522,,,,,,,,,,,,,,,,,,,,,,,,,,,,,,,,,,,,,,,,,,,,,,,,Myntra Designs Pvt Ltd,71171990,Accessories,,MISS ASTUTE,Women,Bangle,ON_HAND,false,MYEP1132828068,92803c66.a5fd.4034.9b74.8334cea62ab19vnoKLdrwY,394101,GJ,3,0.0,0.0,499.03,0.5,0,0,0.0,0.0,,0.0,29ABGCS9514D1Z5,,KA,0.0,0.0,0.0,29AAECM9636P1ZJ,39377,,,,,,,,,,,,,,,,,,,,,,,PPMP,,,,,,,,,,ON_HAND,573.0,,,1000122549910,7514ae21-3aad-405b-955e-e3c8ec8a6e34,,11347281458,DLS,BRAND,BRAND
100277548724,133835677315534169203,2026-08-12T01:30:01.000+05:30,2026-08-12 09:14:13,I2927SV000000922,MIASAEARR118063950,reverse_in_transit,2026-08-17 11:30:00,2026-08-15 00:58:59,2026-08-19 14:52:56,,return_refund,,INR,363.0,0.0,363.0,720.0,298.0,Inter-State,3.0,10.57,0.0,0.0,1.76215,0.0,0.0,0.0,0.0,0.0,,,,,,,,,,,,,,,,,,,,,,,,,,,,,,,,,,,,,,,,,,,,,,,,Myntra Designs Pvt Ltd,71171990,Accessories,,MISS ASTUTE,Women,Earrings,ON_HAND,false,MYEP1131524819,a5d71832.eef9.4056.ad2c.79f1a42bcc67PUl8P0Ibm7,682030,KL,3,0.0,0.0,352.43,0.5,0,0,0.0,0.0,,0.0,29ABGCS9514D1Z5,,KA,0.0,0.0,0.0,29AAECM9636P1ZJ,39377,,,,,,,,,,,,,,,,,,,,,,,PPMP,,,,,,,,,,ON_HAND,422.0,,,1000111976597,61b8be65-5a17-40f8-b810-c2289b7fbfa7,,11332288827,DLS,BRAND,STANDARD
100305653745,133977017154639665201,2026-08-28T10:06:39.000+05:30,2026-08-28 10:44:19,I2927SV000001038,MIASAJWST141825779,reverse_in_transit,2026-08-30 11:30:00,,,,release_rto_refund,,INR,1367.0000000000002,0.0,1367.0,3410.0,1819.0,Intra-State,3.0,0.0,19.91,19.91,0.0,3.31795,3.31795,0.0,11.8,161.306,,,,,,,,,,,,,,,,,,,,,,,,,,,,,,,,,,,,,,,,,,,,,,,,Myntra Designs Pvt Ltd,71171910,Accessories,,MISS ASTUTE,Women,Jewellery Set,ON_HAND,false,MYEP1133836917,ca59636d.eb8c.4fde.8dcf.df1d51d3efdf4NdYQblhZT,560034,KA,0.0,1.5,1.5,1327.18,0,0.25,0.25,0.0,0.0,,0.0,29ABGCS9514D1Z5,,KA,0.0,0.0,0.0,29AAECM9636P1ZJ,39377,,,,,,,,,,,,,,,,,,,,,,,PPMP,,,,,,,,,,ON_HAND,1591.0000000000002,,,1000131709301,82da9ced-65de-4516-9f0e-2770f673239c,,11360418062,,BRAND,BRAND
100308338841,133993530152410751403,2026-08-30T07:58:49.000+05:30,2026-08-30 17:19:48,I2927SV000001057,MIASARING120965391,reverse_in_transit,2026-09-04 11:30:00,,,,release_rto_refund,,INR,677.0,0.0,677.0,1560.0,789.0,Inter-State,3.0,19.72,0.0,0.0,3.2864,0.0,0.0,0.0,11.8,79.886,,,,,,,,,,,,,,,,,,,,,,,,,,,,,,,,,,,,,,,,,,,,,,,,Myntra Designs Pvt Ltd,71171990,Accessories,,MISS ASTUTE,Women,Ring,ON_HAND,false,MYEP1134059270,7b2133db.79c5.487a.b5e7.4811c5d95df0ELY0x7UYfo,410209,MH,3,0.0,0.0,657.28,0.5,0,0,0.0,0.0,,0.0,29ABGCS9514D1Z5,,KA,0.0,0.0,0.0,29AAECM9636P1ZJ,39377,,,,,,,,,,,,,,,,,,,,,,,PPMP,,,,,,,,,,ON_HAND,771.0,,,1000133894859,28cfaf61-0be8-420f-90ee-b4d83159c07f,,11363105239,,BRAND,BRAND
100268075397,133796096044374983003,2026-08-07T11:33:08.000+05:30,2026-08-07 13:14:14,I2927SV000000892,MIASARING120965392,delivered,2026-08-12 11:30:00,2026-08-12 19:58:22,,,,,INR,608.0,0.0,608.0,1560.0,858.0,Inter-State,3.0,17.71,0.0,0.0,2.95145,0.0,0.0,0.0,5.9,35.872,,,,,,,,,,,,,,,,,,,,,,,,,,,,,,,,,,,,,,,,,,,,,,,,Myntra Designs Pvt Ltd,71171990,Accessories,,MISS ASTUTE,Women,Ring,ON_HAND,false,MYEP1130790001,f62b09fa.1a7d.4eda.aed4.109a89027db8NWcAM7w5sp,248008,UT,3,0.0,0.0,590.29,0.5,0,0,0.0,0.0,,0.0,29ABGCS9514D1Z5,,KA,0.0,0.0,0.0,29AAECM9636P1ZJ,39377,,,,,,,,,,,,,,,,,,,,,,,PPMP,,,,,,,,,,ON_HAND,702.0,,,1000105780686,3cebf564-cc1e-4a5a-9d77-c137c0de66e1,,11322811188,,BRAND,STANDARD
100294606010,133918057012273275701,2026-08-21T14:19:58.000+05:30,2026-08-21 14:25:33,I2927SV000001005,MIASAEARR132030001,delivered,2026-08-27 11:30:00,2026-08-25 19:08:36,,,,,INR,657.0,0.0,657.0,1120.0,404.0,Inter-State,3.0,19.14,0.0,0.0,3.1893000000000002,0.0,0.0,0.0,9.44,62.021,,,,,,,,,,,,,,,,,,,,,,,,,,,,,,,,,,,,,,,,,,,,,,,,Myntra Designs Pvt Ltd,71171100,Accessories,,MISS ASTUTE,Women,Earrings,ON_HAND,false,MYEP1133008115,fa06a03f.ed2a.4cb2.9c99.82fff45db6f2cL4yhtysRL,302019,RJ,3,0.0,0.0,637.86,0.5,0,0,0.0,0.0,,0.0,29ABGCS9514D1Z5,,KA,0.0,0.0,0.0,29AAECM9636P1ZJ,39377,,,,,,,,,,,,,,,,,,,,,,,PPMP,,,,,,,,,,ON_HAND,716.0,,,1000124047560,9f003852-217f-492f-89f6-8e566ba13f5b,,11349360469,,BRAND,BRAND
100308543520,133994664115828087101,2026-08-30T11:07:49.000+05:30,2026-08-30 17:26:29,I2927SV000001063,MIASARING139047859,reverse_in_transit,2026-09-04 11:30:00,2026-09-04 23:23:56,2026-09-09 21:31:07,,return_refund,,INR,277.0,0.0,277.0,544.0,232.0,Inter-State,3.0,8.07,0.0,0.0,1.3446500000000001,0.0,0.0,0.0,11.8,32.686,,,,,,,,,,,,,,,,,,,,,,,,,,,,,,,,,,,,,,,,,,,,,,,,Myntra Designs Pvt Ltd,71171990,Accessories,,MISS ASTUTE,Women,Ring,ON_HAND,false,MYEP1134059427,7173cfe3.2c6d.4b30.a02f.143682ee69aagbnH9DfxAz,122101,HR,3,0.0,0.0,268.93,0.5,0,0,0.0,0.0,,0.0,29ABGCS9514D1Z5,,KA,0.0,0.0,0.0,29AAECM9636P1ZJ,39377,,,,,,,,,,,,,,,,,,,,,,,PPMP,,,,,,,,,,ON_HAND,312.0,,,1000133899278,10c76ffa-2018-4951-8a26-9fe2319806f0,,11363310275,RL,BRAND,BRAND
100308543499,133994664115828087101,2026-08-30T11:07:49.000+05:30,2026-08-30 17:19:13,I2927SV000001056,MIASAEARR141783612,reverse_in_transit,2026-09-04 11:30:00,2026-09-04 23:23:49,2026-09-09 21:32:14,,return_refund,,INR,1023.0,0.0,1023.0,2160.0,966.0,Inter-State,3.0,29.8,0.0,0.0,4.966,0.0,0.0,0.0,9.44,96.571,,,,,,,,,,,,,,,,,,,,,,,,,,,,,,,,,,,,,,,,,,,,,,,,Myntra Designs Pvt Ltd,71171910,Accessories,,MISS ASTUTE,Women,Earrings,ON_HAND,false,MYEP1134059601,7173cfe3.2c6d.4b30.a02f.143682ee69aagbnH9DfxAz,122101,HR,3,0.0,0.0,993.2,0.5,0,0,0.0,0.0,,0.0,29ABGCS9514D1Z5,,KA,0.0,0.0,0.0,29AAECM9636P1ZJ,39377,,,,,,,,,,,,,,,,,,,,,,,PPMP,,,,,,,,,,ON_HAND,1194.0,,,1000133894474,e25786a0-d5df-4db5-a000-de42a72d1b7c,,11363310254,RL,BRAND,BRAND
100304434671,133968935889416556801,2026-08-27T11:39:47.000+05:30,2026-08-27 11:44:19,I2927SV000001032,MIASAANKL134956772,reverse_in_transit,2026-09-01 11:30:00,2026-08-31 20:35:25,2026-09-06 17:39:21,,return_refund,,INR,669.0,0.0,669.0,1080.0,352.0,Inter-State,3.0,19.49,0.0,0.0,3.24755,0.0,0.0,0.0,11.8,78.942,,,,,,,,,,,,,,,,,,,,,,,,,,,,,,,,,,,,,,,,,,,,,,,,Myntra Designs Pvt Ltd,71171910,Accessories,,MISS ASTUTE,Women,Anklet,ON_HAND,false,MYEP1133781060,40b3effa.6de4.4a52.8cf0.d186593ae579tdM3GtVxg3,411045,MH,3,0.0,0.0,649.51,0.5,0,0,0.0,0.0,,0.0,29ABGCS9514D1Z5,,KA,0.0,0.0,0.0,29AAECM9636P1ZJ,39377,,,,,,,,,,,,,,,,,,,,,,,PPMP,,,,,,,,,,ON_HAND,728.0,,,1000131044645,0333a2af-d919-4585-870c-22ccbcb0e550,,11359197889,DLS,BRAND,BRAND
100286708491,133879289353394880801,2026-08-17T02:38:41.000+05:30,2026-08-17 09:06:59,I2927SV000000957,MIASAEARR120379361,reverse_in_transit,2026-08-21 11:30:00,,,,release_rto_refund,,INR,306.0,306.0,0.0,560.0,219.0,Inter-State,3.0,8.91,0.0,0.0,1.48545,0.0,0.0,0.0,9.44,28.886,,,,,,,,,,,,,,,,,,,,,,,,,,,,,,,,,,,,,,,,,,,,,,,,Myntra Designs Pvt Ltd,71171990,Accessories,,MISS ASTUTE,Women,Earrings,ON_HAND,false,MYEC1115372335,baf6701d.9e9e.4995.adae.9341cc305bc9iSyYtjpLpA,110063,DL,3,0.0,0.0,297.09,0.5,0,0,0.0,0.0,,0.0,29ABGCS9514D1Z5,,KA,0.0,0.0,0.0,29AAECM9636P1ZJ,39377,,,,,,,,,,,,,,,,,,,,,,,PPMP,,,,,,,,,,ON_HAND,341.0,,,1000117594270,99dd7e3b-3c92-40f4-a5d6-ffb6c75c6338,,11341455898,,BRAND,BRAND
100305248182,133972835004949714701,2026-08-27T22:29:38.000+05:30,2026-08-28 00:34:01,I2927SV000001037,MIASAJWST141825780,delivered,2026-09-03 11:30:00,2026-09-01 22:01:24,,,,,INR,1367.0,0.0,1367.0,3410.0,1819.0,Inter-State,3.0,39.82,0.0,0.0,6.6359,0.0,0.0,0.0,11.8,161.306,,,,,,,,,,,,,,,,,,,,,,,,,,,,,,,,,,,,,,,,,,,,,,,,Myntra Designs Pvt Ltd,71171910,Accessories,,MISS ASTUTE,Women,Jewellery Set,ON_HAND,false,MYEP1133822469,0ce27876.19f6.4961.9520.74dbc6839fe0jsvBDxFNHK,400050,MH,3,0.0,0.0,1327.18,0.5,0,0,0.0,0.0,,0.0,29ABGCS9514D1Z5,,KA,0.0,0.0,0.0,29AAECM9636P1ZJ,39377,,,,,,,,,,,,,,,,,,,,,,,PPMP,,,,,,,,,,ON_HAND,1591.0,,,1000131521502,06e53130-d997-4691-abca-5c4cbffc0e9c,,11360012154,,BRAND,BRAND
100293884733,133913287228612065703,2026-08-21T01:05:00.000+05:30,2026-08-21 08:28:26,I2927SV000001000,MIASABANG125037241,reverse_in_transit,2026-08-27 11:30:00,,,,release_rto_refund,,INR,514.0,514.0,0.0,1275.0,702.0,Inter-State,3.0,14.97,0.0,0.0,2.4951499999999998,0.0,0.0,0.0,9.44,48.522,,,,,,,,,,,,,,,,,,,,,,,,,,,,,,,,,,,,,,,,,,,,,,,,Myntra Designs Pvt Ltd,71171990,Accessories,,MISS ASTUTE,Women,Bangle,ON_HAND,false,MYEC1116002602,b10864e8.703e.4464.ae64.baa7ba0d51b3o3ANnY8Jvy,492001,CT,3,0.0,0.0,499.03,0.5,0,0,0.0,0.0,,0.0,29ABGCS9514D1Z5,,KA,0.0,0.0,0.0,29AAECM9636P1ZJ,39377,,,,,,,,,,,,,,,,,,,,,,,PPMP,,,,,,,,,,ON_HAND,573.0,,,1000123268814,8e249245-251f-4584-a723-abce8d84eaae,,11348638415,,BRAND,BRAND
100288785182,133890940722590699701,2026-08-18T11:00:35.000+05:30,2026-08-18 13:31:39,I2927SV000000969,MIASARING133341776,delivered,2026-08-23 11:30:00,2026-08-23 22:52:01,,,,,INR,304.0,0.0,304.0,599.0,260.0,Inter-State,3.0,8.85,0.0,0.0,1.47575,0.0,0.0,0.0,11.8,35.872,,,,,,,,,,,,,,,,,,,,,,,,,,,,,,,,,,,,,,,,,,,,,,,,Myntra Designs Pvt Ltd,71179090,Accessories,,MISS ASTUTE,Women,Ring,ON_HAND,false,MYEP1132483488,985e11a1.7ed4.4551.ad9c.feea7449fde65tzfr8oIMc,302029,RJ,3,0.0,0.0,295.15,0.5,0,0,0.0,0.0,,0.0,29ABGCS9514D1Z5,,KA,0.0,0.0,0.0,29AAECM9636P1ZJ,39377,,,,,,,,,,,,,,,,,,,,,,,PPMP,,,,,,,,,,ON_HAND,339.0,,,1000119792584,07ed5a52-676f-422c-b200-8e3b1166fa38,,11343534732,,BRAND,BRAND
100292382261,133907898588253593001,2026-08-20T10:06:54.000+05:30,2026-08-20 12:52:37,I2927SV000000996,MIASARING120965392,reverse_in_transit,2026-08-24 11:30:00,2026-08-24 17:52:32,2026-08-24 18:57:51,,exchange,,INR,677.0,677.0,0.0,1560.0,824.0,Inter-State,3.0,19.72,0.0,0.0,3.2864,0.0,0.0,0.0,11.8,79.886,,,,,,,,,,,,,,,,,,,,,,,,,,,,,,,,,,,,,,,,,,,,,,,,Myntra Designs Pvt Ltd,71171990,Accessories,,MISS ASTUTE,Women,Ring,ON_HAND,false,MYEC1115949044,c1ca6608.7109.463f.8c40.b2ece09e924aJR1UagYWTn,411037,MH,3,0.0,0.0,657.28,0.5,0,0,0.0,0.0,,0.0,29ABGCS9514D1Z5,,KA,0.0,0.0,0.0,29AAECM9636P1ZJ,39377,,,,,,,,,,,,,,,,,,,,,,,PPMP,,,,,,,,,,ON_HAND,736.0,,,1000122550634,bad471b9-6a86-460f-aa34-68327cea77c7,,11347134841,DLS,BRAND,BRAND
100273787108,133817133536533369501,2026-08-09T21:59:23.000+05:30,2026-08-09 22:06:18,I2927SV000000906,MIASABANG128581222,delivered,2026-08-12 11:30:00,2026-08-12 19:22:23,,,,,INR,671.0,100.0,571.0,1299.0,534.0,Inter-State,3.0,19.54,0.0,0.0,3.2573000000000003,0.0,0.0,0.0,5.9,39.589,,,,,,,,,,,,,,,,,,,,,,,,,,,,,,,,,,,,,,,,,,,,,,,,Myntra Designs Pvt Ltd,71171910,Accessories,,MISS ASTUTE,Women,Bangle,ON_HAND,false,MYEP1131121702,a8833d8f.ea77.4dd0.a753.147bf015ea90kMwAsZxA07,600023,TN,3,0.0,0.0,651.46,0.5,0,0,0.0,0.0,,100.0,29ABGCS9514D1Z5,,KA,100.0,0.0,0.0,29AAECM9636P1ZJ,39377,,,,,,,,,,,,,,,,,,,,,,,PPMP,,,,,,,,,,ON_HAND,765.0,,,1000108891543,d85e6301-29e9-4c96-9c9c-34981fd981dd,,11328525146,,BRAND,STANDARD
100308543526,133994664115828087101,2026-08-30T11:07:49.000+05:30,2026-08-30 17:25:31,I2927SV000001062,MIASARING139047859,reverse_in_transit,2026-09-04 11:30:00,2026-09-04 23:23:50,2026-09-09 21:31:26,,return_refund,,INR,277.0,0.0,277.0,544.0,232.0,Inter-State,3.0,8.07,0.0,0.0,1.3446500000000001,0.0,0.0,0.0,11.8,32.686,,,,,,,,,,,,,,,,,,,,,,,,,,,,,,,,,,,,,,,,,,,,,,,,Myntra Designs Pvt Ltd,71171990,Accessories,,MISS ASTUTE,Women,Ring,ON_HAND,false,MYEP1134059106,7173cfe3.2c6d.4b30.a02f.143682ee69aagbnH9DfxAz,122101,HR,3,0.0,0.0,268.93,0.5,0,0,0.0,0.0,,0.0,29ABGCS9514D1Z5,,KA,0.0,0.0,0.0,29AAECM9636P1ZJ,39377,,,,,,,,,,,,,,,,,,,,,,,PPMP,,,,,,,,,,ON_HAND,312.0,,,1000133898651,a6c0fa95-a09a-4be3-ad8e-ded2cc2b4603,,11363310281,RL,BRAND,BRAND
100290399845,133898382231057256901,2026-08-19T07:40:50.000+05:30,2026-08-19 10:50:21,I2927SV000000980,MIASABANG125037242,delivered,2026-08-24 11:30:00,2026-08-23 16:09:22,,,,,INR,514.0,0.0,514.0,1275.0,702.0,Inter-State,3.0,14.97,0.0,0.0,2.4951499999999998,0.0,0.0,0.0,9.44,48.522,,,,,,,,,,,,,,,,,,,,,,,,,,,,,,,,,,,,,,,,,,,,,,,,Myntra Designs Pvt Ltd,71171990,Accessories,,MISS ASTUTE,Women,Bangle,ON_HAND,false,MYEP1132610671,c08a0944.f1a0.47ac.8348.7fc43c9d940cutU816ECAw,700118,WB,3,0.0,0.0,499.03,0.5,0,0,0.0,0.0,,0.0,29ABGCS9514D1Z5,,KA,0.0,0.0,0.0,29AAECM9636P1ZJ,39377,,,,,,,,,,,,,,,,,,,,,,,PPMP,,,,,,,,,,ON_HAND,573.0,,,1000120891796,60544bb3-6db5-49d3-b495-251446f7f567,,11345150357,,BRAND,BRAND
100307378880,133987553418145974901,2026-08-29T15:22:42.000+05:30,2026-08-29 15:41:02,I2927SV000001048,MIASAEARR122421936,reverse_in_transit,2026-09-04 11:30:00,2026-09-02 17:17:54,2026-09-02 19:53:42,,return_refund,,INR,961.0,0.0,961.0,2720.0,1665.0,Inter-State,3.0,27.99,0.0,0.0,4.66505,0.0,0.0,0.0,9.44,90.718,,,,,,,,,,,,,,,,,,,,,,,,,,,,,,,,,,,,,,,,,,,,,,,,Myntra Designs Pvt Ltd,71171990,Accessories,,MISS ASTUTE,Women,Earrings,ON_HAND,false,MYEP1133983271,a0e94217.178b.4b9a.8a81.9eb063c10f2cBrN2egZFNT,122101,HR,3,0.0,0.0,933.01,0.5,0,0,0.0,0.0,,0.0,29ABGCS9514D1Z5,,KA,0.0,0.0,0.0,29AAECM9636P1ZJ,39377,,,,,,,,,,,,,,,,,,,,,,,PPMP,,,,,,,,,,ON_HAND,1055.0,,,1000132962145,1db7ee9e-aa51-40b3-97e2-ac7d8c310b0a,,11362144771,DLS,BRAND,BRAND
100304243508,133967837945883724801,2026-08-27T08:36:47.000+05:30,2026-08-27 11:28:00,I2927SV000001031,MIASANECK122418427,delivered,2026-08-29 11:30:00,2026-08-30 18:50:10,,,,,INR,386.0,0.0,386.0,837.0,416.0,Intra-State,3.0,0.0,5.62,5.62,0.0,0.9369,0.9369,0.0,11.8,45.548,,,,,,,,,,,,,,,,,,,,,,,,,,,,,,,,,,,,,,,,,,,,,,,,Myntra Designs Pvt Ltd,71171990,Accessories,,MISS ASTUTE,Women,Necklace and Chains,ON_HAND,false,MYEP1133776741,050fe2ad.d221.47f5.8862.9e2af4b678dfyhmAnpaN1x,580024,KA,0.0,1.5,1.5,374.76,0,0.25,0.25,0.0,0.0,,0.0,29ABGCS9514D1Z5,,KA,0.0,0.0,0.0,29AAECM9636P1ZJ,39377,,,,,,,,,,,,,,,,,,,,,,,PPMP,,,,,,,,,,ON_HAND,421.0,,,1000131017579,5c337fa1-7699-4491-839a-ef35fa8f9a88,,11359006125,,BRAND,BRAND
100309318478,133997523204844327201,2026-08-30T19:04:20.000+05:30,2026-08-30 23:27:46,I2927SV000001066,MIASAEARR120379357,delivered,2026-09-05 23:59:00,2026-09-09 16:09:33,,,,,INR,670.0,0.0,670.0,1320.0,591.0,Inter-State,3.0,19.51,0.0,0.0,3.25245,0.0,0.0,0.0,9.44,63.248,,,,,,,,,,,,,,,,,,,,,,,,,,,,,,,,,,,,,,,,,,,,,,,,Myntra Designs Pvt Ltd,71171990,Accessories,,MISS ASTUTE,Women,Earrings,ON_HAND,false,5965740956501,0168ca3d.95b6.46dd.a8e3.3d33847105abnQluegZINk,522503,AP,3,0.0,0.0,650.49,0.5,0,0,0.0,0.0,,0.0,29ABGCS9514D1Z5,,KA,0.0,0.0,0.0,29AAECM9636P1ZJ,39377,,,,,,,,,,,,,,,,,,,,,,,PPMP,,,,,,,,,,ON_HAND,729.0,,,1000134067204,8c63c130-807b-427a-bab2-f0c1ad31b45d,,11364085777,,BRAND,BRAND
100287232219,133883174732138121601,2026-08-17T13:26:15.000+05:30,2026-08-17 18:52:24,I2927SV000000960,MIASABRCT120245053,delivered,2026-08-19 11:30:00,2026-08-20 21:51:15,,,,,INR,318.0,0.0,318.0,900.0,547.0,Inter-State,3.0,9.26,0.0,0.0,1.5437,0.0,0.0,0.0,11.8,37.524,,,,,,,,,,,,,,,,,,,,,,,,,,,,,,,,,,,,,,,,,,,,,,,,Myntra Designs Pvt Ltd,71171990,Accessories,,MISS ASTUTE,Women,Bracelet,ON_HAND,false,MYEP1132334430,fb42204d.521e.4850.bda6.d75ef6d8aad0kxfxGQx7i1,670358,KL,3,0.0,0.0,308.74,0.5,0,0,0.0,0.0,,0.0,29ABGCS9514D1Z5,,KA,0.0,0.0,0.0,29AAECM9636P1ZJ,39377,,,,,,,,,,,,,,,,,,,,,,,PPMP,,,,,,,,,,ON_HAND,353.0,,,1000118677992,d35f322f-7541-4532-b2fe-ad704b8fe44c,,11341980367,,BRAND,BRAND
100303449316,133962235114183854501,2026-08-26T17:02:59.000+05:30,2026-08-27 00:16:08,I2927SV000001029,MIASARING130018537,delivered,2026-09-02 11:30:00,2026-09-01 17:54:06,,,,,INR,526.0,526.0,0.0,1199.0,614.0,Inter-State,3.0,15.32,0.0,0.0,2.5534,0.0,0.0,0.0,11.8,62.068,,,,,,,,,,,,,,,,,,,,,,,,,,,,,,,,,,,,,,,,,,,,,,,,Myntra Designs Pvt Ltd,71171990,Accessories,,MISS ASTUTE,Women,Ring,ON_HAND,false,MYEC1116755562,56c3d9b6.6e2c.4b5d.b2c8.b4ec77b935ddOIDi6WQJzg,135003,HR,3,0.0,0.0,510.68,0.5,0,0,0.0,0.0,,0.0,29ABGCS9514D1Z5,,KA,0.0,0.0,0.0,29AAECM9636P1ZJ,39377,,,,,,,,,,,,,,,,,,,,,,,PPMP,,,,,,,,,,ON_HAND,585.0,,,1000130506085,9a8a77d0-2b63-4f10-82aa-b435ba88f846,,11358211708,,BRAND,BRAND
100308324742,133993374487353223603,2026-08-30T07:32:53.000+05:30,2026-08-30 17:20:37,I2927SV000001059,MIASAEARR120379356,delivered,2026-09-05 11:30:00,2026-09-05 20:10:42,,,,,INR,478.0,0.0,478.0,1000.0,463.0,Inter-State,3.0,13.92,0.0,0.0,2.3204,0.0,0.0,0.0,9.44,45.123,,,,,,,,,,,,,,,,,,,,,,,,,,,,,,,,,,,,,,,,,,,,,,,,Myntra Designs Pvt Ltd,71171990,Accessories,,MISS ASTUTE,Women,Earrings,ON_HAND,false,MYEP1134059256,02e3fb86.3a41.432b.9fad.2bfceb97c411FOff7sFaJq,144005,PB,3,0.0,0.0,464.08,0.5,0,0,0.0,0.0,,0.0,29ABGCS9514D1Z5,,KA,0.0,0.0,0.0,29AAECM9636P1ZJ,39377,,,,,,,,,,,,,,,,,,,,,,,PPMP,,,,,,,,,,ON_HAND,537.0,,,1000133895423,0c08f610-b390-470e-8ee6-0c341d0ecee9,,11363091140,,BRAND,BRAND
100290550224,133899226497482981803,2026-08-19T10:01:33.000+05:30,2026-08-19 10:51:25,I2927SV000000981,MIASAEARR141783612,reverse_in_transit,2026-08-23 11:30:00,2026-08-23 20:00:08,2026-08-24 21:41:44,,return_refund,,INR,1042.0,0.0,1042.0,2160.0,947.0,Inter-State,3.0,30.35,0.0,0.0,5.05825,0.0,0.0,0.0,9.44,98.365,,,,,,,,,,,,,,,,,,,,,,,,,,,,,,,,,,,,,,,,,,,,,,,,Myntra Designs Pvt Ltd,71171910,Accessories,,MISS ASTUTE,Women,Earrings,ON_HAND,false,MYEP1132611262,462348af.b9d2.4226.aac3.e526a35bed5f0GOezhlcX9,411028,MH,3,0.0,0.0,1011.65,0.5,0,0,0.0,0.0,,0.0,29ABGCS9514D1Z5,,KA,0.0,0.0,0.0,29AAECM9636P1ZJ,39377,,,,,,,,,,,,,,,,,,,,,,,PPMP,,,,,,,,,,ON_HAND,1213.0,,,1000120894739,d7695add-58ce-498b-8dea-0851ac9b3c3d,,11345301182,DLS,BRAND,BRAND
100288988422,133891660089039319003,2026-08-18T13:00:29.000+05:30,2026-08-18 13:31:09,I2927SV000000967,MIASAEARR122421936,delivered,2026-08-22 11:30:00,2026-08-22 22:57:06,,,,,INR,961.0,0.0,961.0,2720.0,1665.0,Inter-State,3.0,27.99,0.0,0.0,4.66505,0.0,0.0,0.0,9.44,90.718,,,,,,,,,,,,,,,,,,,,,,,,,,,,,,,,,,,,,,,,,,,,,,,,Myntra Designs Pvt Ltd,71171990,Accessories,,MISS ASTUTE,Women,Earrings,ON_HAND,false,MYEP1132483142,93f70a7a.6015.4d88.9e8b.8060a49c82e5HhGTFQz6nj,122101,HR,3,0.0,0.0,933.01,0.5,0,0,0.0,0.0,,0.0,29ABGCS9514D1Z5,,KA,0.0,0.0,0.0,29AAECM9636P1ZJ,39377,,,,,,,,,,,,,,,,,,,,,,,PPMP,,,,,,,,,,ON_HAND,1055.0,,,1000119791821,4266fd1f-b372-4543-9f2d-8014186408f5,,11343738158,,BRAND,BRAND
100308123179,133990699770776208203,2026-08-30T00:07:06.000+05:30,2026-08-30 00:30:41,I2927SV000001052,MIASAEARR122418842,delivered,2026-09-01 11:30:00,2026-09-01 16:19:23,,,,,INR,169.00000000000003,0.0,169.0,532.0,328.0,Intra-State,3.0,0.0,2.46,2.46,0.0,0.41020000000000006,0.41020000000000006,0.0,11.8,19.942,,,,,,,,,,,,,,,,,,,,,,,,,,,,,,,,,,,,,,,,,,,,,,,,Myntra Designs Pvt Ltd,71171990,Accessories,,MISS ASTUTE,Women,Earrings,ON_HAND,false,MYEP1133994519,b9fc86cd.e347.4e29.a41d.cd1dc93343eaTF4CuCx9X8,560103,KA,0.0,1.5,1.5,164.08,0,0.25,0.25,0.0,0.0,,0.0,29ABGCS9514D1Z5,,KA,0.0,0.0,0.0,29AAECM9636P1ZJ,39377,,,,,,,,,,,,,,,,,,,,,,,PPMP,,,,,,,,,,ON_HAND,204.00000000000003,,,1000133208775,634b8817-6c1b-4c15-beac-1b7146bf011f,,11362889577,,BRAND,BRAND
100295123759,133920003278577118301,2026-08-21T19:44:21.000+05:30,2026-08-22 00:34:54,I2927SV000001007,MIASABANG125037241,delivered,2026-08-27 11:30:00,2026-08-24 23:24:37,,,,,INR,514.0,514.0,0.0,1275.0,702.0,Inter-State,3.0,14.97,0.0,0.0,2.4951499999999998,0.0,0.0,0.0,9.44,48.522,,,,,,,,,,,,,,,,,,,,,,,,,,,,,,,,,,,,,,,,,,,,,,,,Myntra Designs Pvt Ltd,71171990,Accessories,,MISS ASTUTE,Women,Bangle,ON_HAND,false,MYEC1116138321,118bb337.7db6.429b.8992.dd451955c480ORtmtZv3td,680003,KL,3,0.0,0.0,499.03,0.5,0,0,0.0,0.0,,0.0,29ABGCS9514D1Z5,,KA,0.0,0.0,0.0,29AAECM9636P1ZJ,39377,,,,,,,,,,,,,,,,,,,,,,,PPMP,,,,,,,,,,ON_HAND,573.0,,,1000124443711,acc5d8d1-d088-45a0-aa6e-3909794ac002,,11349879002,,BRAND,BRAND
100282775273,133863680248171350903,2026-08-15T07:17:10.000+05:30,2026-08-15 10:04:42,I2927SV000000945,MIASABANG128581225,delivered,2026-08-21 11:30:00,2026-08-21 21:22:21,,,,,INR,434.0,0.0,434.0,799.0,330.0,Inter-State,3.0,12.64,0.0,0.0,2.1068000000000002,0.0,0.0,0.0,9.44,40.97,,,,,,,,,,,,,,,,,,,,,,,,,,,,,,,,,,,,,,,,,,,,,,,,Myntra Designs Pvt Ltd,71171910,Accessories,,MISS ASTUTE,Women,Bangle,ON_HAND,false,MYEP1131968348,b103af98.5bdc.4fe0.a2d5.69f4b5e90a14UCtwDjuBRn,400610,MH,3,0.0,0.0,421.36,0.5,0,0,0.0,0.0,,0.0,29ABGCS9514D1Z5,,KA,0.0,0.0,0.0,29AAECM9636P1ZJ,39377,,,,,,,,,,,,,,,,,,,,,,,PPMP,,,,,,,,,,ON_HAND,469.0,,,1000115623504,2427b083-620c-4ccc-ae85-83301790a97b,,11337519511,,BRAND,BRAND
100262004050,133769664835409586103,2026-08-04T10:07:56.000+05:30,2026-08-04 11:53:22,I2927SV000000874,MIASAPEND113931877,reverse_in_transit,2026-08-09 11:30:00,,,,release_rto_refund,,INR,289.0,289.0,0.0,706.0,358.0,Inter-State,3.0,8.42,0.0,0.0,1.4029,0.0,0.0,0.0,9.44,27.282,,,,,,,,,,,,,,,,,,,,,,,,,,,,,,,,,,,,,,,,,,,,,,,,Myntra Designs Pvt Ltd,71171990,Accessories,,MISS ASTUTE,Women,Pendant,ON_HAND,false,MYEC1113709221,379b0123.178a.49d0.a9f3.d5a4f14c5869TrGCQqBmxE,713203,WB,3,0.0,0.0,280.58,0.5,0,0,0.0,0.0,,0.0,29ABGCS9514D1Z5,,KA,0.0,0.0,0.0,29AAECM9636P1ZJ,39377,,,,,,,,,,,,,,,,,,,,,,,PPMP,,,,,,,,,,ON_HAND,348.0,,,1000101518714,7e8412bf-2a22-4e28-85f5-392a66d46e9b,,11316738017,,STANDARD,STANDARD
100285966666,133876800740124334001,2026-08-16T19:43:55.000+05:30,2026-08-16 19:51:02,I2927SV000000956,MIASAEARR120379356,delivered,2026-08-22 11:30:00,2026-08-22 17:07:16,,,,,INR,565.0,0.0,565.0,1000.0,376.0,Inter-State,3.0,16.46,0.0,0.0,2.7426999999999997,0.0,0.0,0.0,9.44,53.336,,,,,,,,,,,,,,,,,,,,,,,,,,,,,,,,,,,,,,,,,,,,,,,,Myntra Designs Pvt Ltd,71171990,Accessories,,MISS ASTUTE,Women,Earrings,ON_HAND,false,MYEP1132134943,49a7b068.a109.4281.9164.2a12f8e35242FQb0wayowV,390011,GJ,3,0.0,0.0,548.54,0.5,0,0,0.0,0.0,,0.0,29ABGCS9514D1Z5,,KA,0.0,0.0,0.0,29AAECM9636P1ZJ,39377,,,,,,,,,,,,,,,,,,,,,,,PPMP,,,,,,,,,,ON_HAND,624.0,,,1000117172314,517f2576-127b-4397-9ce4-f613dceac60c,,11340714047,,BRAND,BRAND
100272892305,133814777081759943501,2026-08-09T15:26:39.000+05:30,2026-08-09 16:43:24,I2927SV000000902,MIASAEARR120379356,delivered,2026-08-15 11:30:00,2026-08-14 18:42:36,,,,,INR,411.0,0.0,411.0,1000.0,530.0,Inter-State,3.0,11.97,0.0,0.0,1.99515,0.0,0.0,0.0,0.0,0.0,,,,,,,,,,,,,,,,,,,,,,,,,,,,,,,,,,,,,,,,,,,,,,,,Myntra Designs Pvt Ltd,71171990,Accessories,,MISS ASTUTE,Women,Earrings,ON_HAND,false,MYEP1131105643,ab728091.79a4.4f32.8eea.04666cd0220dXyw7aMQxOB,302019,RJ,3,0.0,0.0,399.03,0.5,0,0,0.0,0.0,,0.0,29ABGCS9514D1Z5,,KA,0.0,0.0,0.0,29AAECM9636P1ZJ,39377,,,,,,,,,,,,,,,,,,,,,,,PPMP,,,,,,,,,,ON_HAND,470.0,,,1000108679261,972a73df-ba2b-4c3c-8eb7-a540428de1b9,,11327629931,,BRAND,STANDARD
100262798146,133772380553477488601,2026-08-04T17:40:33.000+05:30,2026-08-04 23:19:49,I2927SV000000878,MIASAEARR122418844,reverse_in_transit,2026-08-09 11:30:00,,,,release_rto_refund,,INR,442.0,442.0,0.0,1062.0,526.0,Inter-State,3.0,12.87,0.0,0.0,2.14565,0.0,0.0,0.0,0.0,0.0,,,,,,,,,,,,,,,,,,,,,,,,,,,,,,,,,,,,,,,,,,,,,,,,Myntra Designs Pvt Ltd,71171990,Accessories,,MISS ASTUTE,Women,Earrings,ON_HAND,false,MYEC1113765834,82677b2a.46f0.4496.8cbb.c75eedbd08efQPtMulNxa5,110034,DL,3,0.0,0.0,429.13,0.5,0,0,0.0,0.0,,0.0,29ABGCS9514D1Z5,,KA,0.0,0.0,0.0,29AAECM9636P1ZJ,39377,,,,,,,,,,,,,,,,,,,,,,,PPMP,,,,,,,,,,ON_HAND,536.0,,,1000102132758,90ae6314-7857-46fe-99b9-8a9596234c2c,,11317532391,,BRAND,STANDARD
100298174397,133934471702570952403,2026-08-23T11:55:45.000+05:30,2026-08-23 15:55:19,I2927SV000001018,MIASAEARR143814542,delivered,2026-08-27 11:30:00,2026-08-25 21:22:22,,,,,INR,667.0000000000001,0.0,667.0,1277.0,551.0,Intra-State,3.0,0.0,9.71,9.71,0.0,1.6189500000000001,1.6189500000000001,0.0,9.44,62.965,,,,,,,,,,,,,,,,,,,,,,,,,,,,,,,,,,,,,,,,,,,,,,,,Myntra Designs Pvt Ltd,71171990,Accessories,,MISS ASTUTE,Women,Earrings,ON_HAND,false,MYEP1133277241,44ffb274.4ff6.45a1.a64e.15643b504f21dPGoBieHv2,560068,KA,0.0,1.5,1.5,647.58,0,0.25,0.25,0.0,0.0,,0.0,29ABGCS9514D1Z5,,KA,0.0,0.0,0.0,29AAECM9636P1ZJ,39377,,,,,,,,,,,,,,,,,,,,,,,PPMP,,,,,,,,,,ON_HAND,726.0000000000001,,,1000126617423,2117d886-ebfb-4ed7-85aa-dbf2ac086d89,,11352931999,,BRAND,BRAND
100263379547,133774203344156140203,2026-08-04T22:44:21.000+05:30,2026-08-04 23:18:59,I2927SV000000875,MIASAJWST133408051,delivered,2026-08-11 11:30:00,2026-08-09 21:02:37,,,,,INR,1704.0,0.0,1704.0,3399.0,1500.0,Inter-State,3.0,49.63,0.0,0.0,8.271849999999999,0.0,0.0,0.0,18.88,321.715,,,,,,,,,,,,,,,,,,,,,,,,,,,,,,,,,,,,,,,,,,,,,,,,Myntra Designs Pvt Ltd,71171990,Accessories,,MISS ASTUTE,Women,Jewellery Set,ON_HAND,false,MYEP1130343314,0a684872.6204.4efc.93a4.09ed940ea22bMZHYXPqqXQ,412101,MH,3,0.0,0.0,1654.37,0.5,0,0,0.0,0.0,,0.0,29ABGCS9514D1Z5,,KA,0.0,0.0,0.0,29AAECM9636P1ZJ,39377,,,,,,,,,,,,,,,,,,,,,,,PPMP,,,,,,,,,,ON_HAND,1899.0,,,1000102132339,e2664415-0dd6-4792-a8db-c5b30fa4894b,,11318113824,,BRAND,STANDARD
100283178442,133865587435189723203,2026-08-15T12:35:02.000+05:30,2026-08-15 13:38:03,I2927SV000000949,MIASAEARR118063952,delivered,2026-08-19 11:30:00,2026-08-19 17:08:26,,,,,INR,361.0,0.0,361.0,630.0,234.0,Intra-State,3.0,0.0,5.26,5.26,0.0,0.8762000000000001,0.8762000000000001,0.0,9.44,34.078,,,,,,,,,,,,,,,,,,,,,,,,,,,,,,,,,,,,,,,,,,,,,,,,Myntra Designs Pvt Ltd,71171990,Accessories,,MISS ASTUTE,Women,Earrings,ON_HAND,false,MYEP1131998181,eecf7de8.e760.49a1.b703.0c939b1cf69aqTRIu4RGT6,560055,KA,0.0,1.5,1.5,350.48,0,0.25,0.25,0.0,0.0,,0.0,29ABGCS9514D1Z5,,KA,0.0,0.0,0.0,29AAECM9636P1ZJ,39377,,,,,,,,,,,,,,,,,,,,,,,PPMP,,,,,,,,,,ON_HAND,396.0,,,1000115814396,9fc4b28e-29b4-43ff-8e12-eb4924140791,,11337923529,,BRAND,BRAND
100298261221,133934719492118757003,2026-08-23T12:37:03.000+05:30,2026-08-23 15:54:29,I2927SV000001017,MIASAANKL134956771,delivered,2026-09-03 08:30:00,2026-09-01 21:34:36,,,,,INR,1438.0,0.0,1438.0,2688.0,1026.0,Inter-State,3.0,41.88,0.0,0.0,6.9806,0.0,0.0,0.0,11.8,169.684,,,,,,,,,,,,,,,,,,,,,,,,,,,,,,,,,,,,,,,,,,,,,,,,Myntra Designs Pvt Ltd,71171910,Accessories,,MISS ASTUTE,Women,Anklet,ON_HAND,false,MYEP1133276909,d8d70c67.c6a3.4fbb.a99a.2eef711869b2NT8s6Lf3vA,191101,JK,3,0.0,0.0,1396.12,0.5,0,0,0.0,0.0,,0.0,29ABGCS9514D1Z5,,KA,0.0,0.0,0.0,29AAECM9636P1ZJ,39377,,,,,,,,,,,,,,,,,,,,,,,PPMP,,,,,,,,,,ON_HAND,1662.0,,,1000126616562,68745172-e5e2-4440-824e-3b35c3db0e76,,11353018874,,BRAND,BRAND
100283442146,133866415252455316903,2026-08-15T14:53:00.000+05:30,2026-08-15 16:20:47,I2927SV000000952,MIASARING125041133,reverse_in_transit,2026-08-19 11:30:00,2026-08-19 22:19:46,2026-08-21 19:36:33,,return_refund,,INR,1076.0,1076.0,0.0,2200.0,900.0,Inter-State,3.0,31.34,0.0,0.0,5.223300000000001,0.0,0.0,0.0,11.8,126.968,,,,,,,,,,,,,,,,,,,,,,,,,,,,,,,,,,,,,,,,,,,,,,,,Myntra Designs Pvt Ltd,71171990,Accessories,,MISS ASTUTE,Women,Ring,ON_HAND,false,MYEC1115240651,1f73e124.3481.4417.8ceb.f812a992eba4zsH3ACMkoU,676108,KL,3,0.0,0.0,1044.66,0.5,0,0,0.0,0.0,,0.0,29ABGCS9514D1Z5,,KA,0.0,0.0,0.0,29AAECM9636P1ZJ,39377,,,,,,,,,,,,,,,,,,,,,,,PPMP,,,,,,,,,,ON_HAND,1300.0,,,1000115897892,39ec8561-a141-4ff3-8000-f2d6084c4c14,,11338187233,DLS,BRAND,BRAND
100265352127,133782858913059046403,2026-08-05T22:46:57.000+05:30,2026-08-06 01:25:48,I2927SV000000886,MIASAJWST129818469,reverse_in_transit,2026-08-08 11:30:00,2026-08-09 21:33:35,2026-08-15 05:14:00,,return_refund,,INR,945.0,0.0,945.0,1870.0,730.0,Inter-State,3.0,27.52,0.0,0.0,4.587400000000001,0.0,0.0,0.0,12.98,122.661,,,,,,,,,,,,,,,,,,,,,,,,,,,,,,,,,,,,,,,,,,,,,,,,Myntra Designs Pvt Ltd,71171990,Accessories,,MISS ASTUTE,Women,Jewellery Set,ON_HAND,false,MYEP1130509193,8180908d.511e.4e1e.8c1b.094b0054e4f0QDTnBjijND,600071,TN,3,0.0,0.0,917.48,0.5,0,0,0.0,0.0,,0.0,29ABGCS9514D1Z5,,KA,0.0,0.0,0.0,29AAECM9636P1ZJ,39377,,,,,,,,,,,,,,,,,,,,,,,PPMP,,,,,,,,,,ON_HAND,1140.0,,,1000103562228,a1e79d74-7a22-4d52-b237-8c3d639a41c7,,11320086952,DLS,BRAND,STANDARD
100266450682,133788710830542922303,2026-08-06T15:02:16.000+05:30,2026-08-06 18:50:05,I2927SV000000890,MIASAJWST129818470,reverse_in_transit,2026-08-10 11:30:00,,,,release_rto_refund,,INR,2242.0,2242.0,0.0,3350.0,878.0,Inter-State,3.0,65.3,0.0,0.0,10.8835,0.0,0.0,0.0,20.06,449.745,,,,,,,,,,,,,,,,,,,,,,,,,,,,,,,,,,,,,,,,,,,,,,,,Myntra Designs Pvt Ltd,71171990,Accessories,,MISS ASTUTE,Women,Jewellery Set,ON_HAND,false,MYEC1114061609,7c00cc01.3e04.4bb6.822d.29736c524dedO9kxywiSAL,503111,TG,3,0.0,0.0,2176.7,0.5,0,0,0.0,0.0,,0.0,29ABGCS9514D1Z5,,KA,0.0,0.0,0.0,29AAECM9636P1ZJ,39377,,,,,,,,,,,,,,,,,,,,,,,PPMP,,,,,,,,,,ON_HAND,2472.0,,,1000104726202,2d5c9f92-daf2-4b8e-bbb4-b2cb20492539,,11321185804,,BRAND,STANDARD
100298301773,133934830054031194801,2026-08-23T12:55:28.000+05:30,2026-08-23 15:56:27,I2927SV000001019,MIASAEARR120379361,delivered,2026-09-02 11:30:00,2026-09-01 01:06:11,,,,,INR,306.0,0.0,306.0,560.0,219.0,Inter-State,3.0,8.91,0.0,0.0,1.48545,0.0,0.0,0.0,9.44,28.886,,,,,,,,,,,,,,,,,,,,,,,,,,,,,,,,,,,,,,,,,,,,,,,,Myntra Designs Pvt Ltd,71171990,Accessories,,MISS ASTUTE,Women,Earrings,ON_HAND,false,MYEP1133277697,dab316a1.548b.4496.8bf5.d741a600a76bLnFQlru5Sw,788006,AS,3,0.0,0.0,297.09,0.5,0,0,0.0,0.0,,0.0,29ABGCS9514D1Z5,,KA,0.0,0.0,0.0,29AAECM9636P1ZJ,39377,,,,,,,,,,,,,,,,,,,,,,,PPMP,,,,,,,,,,ON_HAND,341.0,,,1000126618678,ff5600bb-78da-470c-bc04-6a39ae973f09,,11353059425,,BRAND,BRAND
100292805313,133909431533551178703,2026-08-20T14:22:23.000+05:30,2026-08-20 14:23:41,I2927SV000000997,MIASAEARR141783612,delivered,2026-08-23 11:30:00,2026-08-21 22:38:28,,,,,INR,1042.0,0.0,1042.0,2160.0,947.0,Intra-State,3.0,0.0,15.17,15.17,0.0,2.52915,2.52915,0.0,9.44,98.365,,,,,,,,,,,,,,,,,,,,,,,,,,,,,,,,,,,,,,,,,,,,,,,,Myntra Designs Pvt Ltd,71171910,Accessories,,MISS ASTUTE,Women,Earrings,ON_HAND,false,MYEP1132843949,aca6540f.0598.4f18.b260.f21b24f63bf25fIGQtOdiP,560092,KA,0.0,1.5,1.5,1011.66,0,0.25,0.25,0.0,0.0,,0.0,29ABGCS9514D1Z5,,KA,0.0,0.0,0.0,29AAECM9636P1ZJ,39377,,,,,,,,,,,,,,,,,,,,,,,PPMP,,,,,,,,,,ON_HAND,1213.0,,,1000122674839,fea36dc5-2bbb-447f-a4c0-6b196a575541,,11347558226,,BRAND,BRAND
100268190302,133796470771396037001,2026-08-07T12:35:36.000+05:30,2026-08-07 13:14:30,I2927SV000000893,MIASAEARR132029995,delivered,2026-08-14 11:30:00,2026-08-13 20:36:35,,,,,INR,474.0,218.465,255.535,889.0,321.0,Inter-State,3.0,13.81,0.0,0.0,2.30095,0.0,0.0,0.0,0.0,0.0,,,,,,,,,,,,,,,,,,,,,,,,,,,,,,,,,,,,,,,,,,,,,,,,Myntra Designs Pvt Ltd,71171100,Accessories,,MISS ASTUTE,Women,Earrings,ON_HAND,false,MYEC1114183395,0c33d4b5.070d.4328.9f6a.09b25ba0b0cahLLGNt4EPs,249408,UT,3,0.0,0.0,460.19,0.5,0,0,0.0,0.0,,0.0,29ABGCS9514D1Z5,,KA,0.0,0.0,0.0,29AAECM9636P1ZJ,39377,,,,,,,,,,,,,,,,,,,,,,,PPMP,,,,,,,,,,ON_HAND,568.0,,,1000105781148,2fa377fd-502b-480a-9d39-89a0a4b38fe7,,11322926140,,BRAND,STANDARD
100274971247,133823406582980933301,2026-08-10T15:24:54.000+05:30,2026-08-10 18:44:54,I2927SV000000911,MIASAEARR132029995,delivered,2026-08-16 11:30:00,2026-08-16 23:42:23,,,,,INR,795.0,0.0,795.0,889.0,0.0,Inter-State,3.0,23.16,0.0,0.0,3.8592000000000004,0.0,0.0,0.0,5.9,46.905,,,,,,,,,,,,,,,,,,,,,,,,,,,,,,,,,,,,,,,,,,,,,,,,Myntra Designs Pvt Ltd,71171100,Accessories,,MISS ASTUTE,Women,Earrings,ON_HAND,false,MYEP1131333613,1b3f569b.e488.492c.aa04.c6bb5a44f677N3IZ17AWL3,400004,MH,3,0.0,0.0,771.84,0.5,0,0,0.0,0.0,,0.0,29ABGCS9514D1Z5,,KA,0.0,0.0,0.0,29AAECM9636P1ZJ,39377,,,,,,,,,,,,,,,,,,,,,,,PPMP,,,,,,,,,,ON_HAND,889.0,,,1000110358906,bdeb8cdd-38a5-44b7-b835-162e03a6087f,,11329709763,,BRAND,STANDARD
100308266625,133991731816252860403,2026-08-30T02:59:06.000+05:30,2026-08-30 17:18:14,I2927SV000001055,MIASAEARR141783612,delivered,2026-09-04 11:30:00,2026-09-05 22:54:56,,,,,INR,1023.0,996.43,26.57,2160.0,966.0,Inter-State,3.0,29.8,0.0,0.0,4.966,0.0,0.0,0.0,9.44,96.571,,,,,,,,,,,,,,,,,,,,,,,,,,,,,,,,,,,,,,,,,,,,,,,,Myntra Designs Pvt Ltd,71171910,Accessories,,MISS ASTUTE,Women,Earrings,ON_HAND,false,MYEC1117094028,2a72d879.e252.45b4.ad2f.7986330c6f2anctyKFIRQt,410210,MH,3,0.0,0.0,993.2,0.5,0,0,0.0,0.0,,0.0,29ABGCS9514D1Z5,,KA,0.0,0.0,0.0,29AAECM9636P1ZJ,39377,,,,,,,,,,,,,,,,,,,,,,,PPMP,,,,,,,,,,ON_HAND,1194.0,,,1000133893837,93ea312a-4a2b-46ea-8317-b82ead651197,,11363033023,,BRAND,BRAND
100303909961,133964268371961070201,2026-08-26T22:41:52.000+05:30,2026-08-27 00:15:49,I2927SV000001028,MIASABANG121198875,reverse_in_transit,2026-09-01 11:30:00,2026-09-01 00:58:05,2026-09-07 13:18:45,,return_refund,,INR,992.0,0.0,992.0,2129.0,1043.0,Inter-State,3.0,28.89,0.0,0.0,4.81555,0.0,0.0,0.0,9.44,93.645,,,,,,,,,,,,,,,,,,,,,,,,,,,,,,,,,,,,,,,,,,,,,,,,Myntra Designs Pvt Ltd,71171990,Accessories,,MISS ASTUTE,Women,Bangle,ON_HAND,false,MYEP1133716374,42881265.71b1.4ff1.9c10.8e2d0f565b11EpvnE62v8x,201306,UP,3,0.0,0.0,963.11,0.5,0,0,0.0,0.0,,0.0,29ABGCS9514D1Z5,,KA,0.0,0.0,0.0,29AAECM9636P1ZJ,39377,,,,,,,,,,,,,,,,,,,,,,,PPMP,,,,,,,,,,ON_HAND,1086.0,,,1000130505916,d1493730-0d56-4fb8-843c-cbae259f3223,,11358672578,DLS,BRAND,BRAND
100290813000,133900195852771486301,2026-08-19T12:43:06.000+05:30,2026-08-19 13:22:00,I2927SV000000987,MIASAEARR130526990,reverse_in_transit,2026-08-20 11:30:00,2026-08-21 20:41:50,2026-08-22 00:46:56,,return_refund,,INR,399.0,399.0,0.0,595.0,161.0,Intra-State,3.0,0.0,5.81,5.81,0.0,0.96845,0.96845,0.0,9.44,37.666,,,,,,,,,,,,,,,,,,,,,,,,,,,,,,,,,,,,,,,,,,,,,,,,Myntra Designs Pvt Ltd,71171990,Accessories,,MISS ASTUTE,Women,Earrings,ON_HAND,false,MYEC1115802108,2f580734.e489.4614.8294.34de9dfd5165JtzPuEMaon,560068,KA,0.0,1.5,1.5,387.38,0,0.25,0.25,0.0,0.0,,0.0,29ABGCS9514D1Z5,,KA,0.0,0.0,0.0,29AAECM9636P1ZJ,39377,,,,,,,,,,,,,,,,,,,,,,,PPMP,,,,,,,,,,ON_HAND,434.0,,,1000121217282,e9668fd5-7210-4b99-b741-2963faef63e8,,11345564303,DLS,BRAND,BRAND
100257219787,133748331092057246001,2026-08-01T22:52:19.000+05:30,2026-08-01 23:37:40,I2927SV000000855,MIASAJWST130297074,reverse_in_transit,2026-08-07 11:30:00,2026-08-09 22:27:38,2026-08-10 19:37:36,,return_refund,,INR,1488.0,0.0,1488.0,3699.0,2016.0,Inter-State,3.0,43.34,0.0,0.0,7.223300000000001,0.0,0.0,0.0,18.88,280.934,,,,,,,,,,,,,,,,,,,,,,,,,,,,,,,,,,,,,,,,,,,,,,,,Myntra Designs Pvt Ltd,71171990,Accessories,,MISS ASTUTE,Women,Jewellery Set,ON_HAND,false,MYEP1129850919,0fc577c2.9f64.4830.9def.68ad73a33867IBTgnjBvkO,121007,HR,3,0.0,0.0,1444.66,0.5,0,0,0.0,0.0,,0.0,29ABGCS9514D1Z5,,KA,0.0,0.0,0.0,29AAECM9636P1ZJ,39377,,,,,,,,,,,,,,,,,,,,,,,PPMP,,,,,,,,,,ON_HAND,1683.0,,,1000098011587,585b07f5-c301-4bd0-b998-0d502198b599,,11311952849,DLS,BRAND,STANDARD
100308543516,133994664115828087101,2026-08-30T11:07:49.000+05:30,2026-08-30 17:28:02,I2927SV000001064,MIASARING139047859,reverse_in_transit,2026-09-04 11:30:00,2026-09-04 23:24:07,2026-09-09 21:25:10,,return_refund,,INR,277.0,0.0,277.0,544.0,232.0,Inter-State,3.0,8.07,0.0,0.0,1.3446500000000001,0.0,0.0,0.0,11.8,32.686,,,,,,,,,,,,,,,,,,,,,,,,,,,,,,,,,,,,,,,,,,,,,,,,Myntra Designs Pvt Ltd,71171990,Accessories,,MISS ASTUTE,Women,Ring,ON_HAND,false,MYEP1134059696,7173cfe3.2c6d.4b30.a02f.143682ee69aagbnH9DfxAz,122101,HR,3,0.0,0.0,268.93,0.5,0,0,0.0,0.0,,0.0,29ABGCS9514D1Z5,,KA,0.0,0.0,0.0,29AAECM9636P1ZJ,39377,,,,,,,,,,,,,,,,,,,,,,,PPMP,,,,,,,,,,ON_HAND,312.0,,,1000133900227,c4cb671e-1ce9-4363-a695-b81877b67024,,11363310271,RL,BRAND,BRAND
100296420381,133926536777653482701,2026-08-22T13:53:16.000+05:30,2026-08-22 14:12:04,I2927SV000001012,MIASARING130018537,delivered,2026-08-27 15:00:00,2026-08-27 22:34:37,,,,,INR,526.0,526.0,0.0,1199.0,614.0,Inter-State,3.0,15.32,0.0,0.0,2.5534,0.0,0.0,0.0,11.8,62.068,,,,,,,,,,,,,,,,,,,,,,,,,,,,,,,,,,,,,,,,,,,,,,,,Myntra Designs Pvt Ltd,71171990,Accessories,,MISS ASTUTE,Women,Ring,ON_HAND,false,SF3462830099F,bf952dea.5421.4262.ab05.29c880f2e9c4Z0Xv0SbY3E,530017,AP,3,0.0,0.0,510.68,0.5,0,0,0.0,0.0,,0.0,29ABGCS9514D1Z5,,KA,0.0,0.0,0.0,29AAECM9636P1ZJ,39377,,,,,,,,,,,,,,,,,,,,,,,PPMP,,,,,,,,,,ON_HAND,585.0,,,1000125336252,050d228d-8f3a-41a5-92b1-1c02c7401cb2,,11351176425,,BRAND,BRAND
100265370329,133782906446609037903,2026-08-05T22:54:52.000+05:30,2026-08-06 01:25:32,I2927SV000000885,MIASAEARR130297073,reverse_in_transit,2026-08-10 11:30:00,2026-08-11 19:35:00,2026-08-14 19:01:17,,return_refund,,INR,601.01,506.73,94.27,1140.0,445.0,Inter-State,3.0,17.51,0.0,0.0,2.9175,0.0,0.0,0.0,5.9,35.458999999999996,,,,,,,,,,,,,,,,,,,,,,,,,,,,,,,,,,,,,,,,,,,,,,,,Myntra Designs Pvt Ltd,71171100,Accessories,,MISS ASTUTE,Women,Earrings,ON_HAND,false,MYEC1113919998,e84d4cd3.d04b.4e67.b2a7.d9f9f87372b8zKTEWJuVDv,226010,UP,3,0.0,0.0,583.5,0.5,0,0,0.0,0.0,,0.0,29ABGCS9514D1Z5,,KA,0.0,0.0,0.0,29AAECM9636P1ZJ,39377,,,,,,,,,,,,,,,,,,,,,,,PPMP,,,,,,,,,,ON_HAND,695.01,,,1000103562029,08945c35-12d1-44f8-bf96-4fa38e61257e,,11320105154,LPI,BRAND,STANDARD
100285539239,133875451632835616403,2026-08-16T15:59:04.000+05:30,2026-08-16 19:36:20,I2927SV000000954,MIASABANG128581243,delivered,2026-08-22 11:30:00,2026-08-22 16:53:07,,,,,INR,404.0,0.0,404.0,799.0,360.0,Inter-State,3.0,11.77,0.0,0.0,1.9611500000000002,0.0,0.0,0.0,9.44,38.138,,,,,,,,,,,,,,,,,,,,,,,,,,,,,,,,,,,,,,,,,,,,,,,,Myntra Designs Pvt Ltd,71171910,Accessories,,MISS ASTUTE,Women,Bangle,ON_HAND,false,MYEP1132134102,428845a1.5f0a.4f61.8676.e4e063428311EJsIHibPT4,390007,GJ,3,0.0,0.0,392.23,0.5,0,0,0.0,0.0,,0.0,29ABGCS9514D1Z5,,KA,0.0,0.0,0.0,29AAECM9636P1ZJ,39377,,,,,,,,,,,,,,,,,,,,,,,PPMP,,,,,,,,,,ON_HAND,439.0,,,1000117165855,9e738636-7938-49ba-9672-44389a3db573,,11340286241,,BRAND,BRAND
100308201177,133991091511910999803,2026-08-30T01:12:23.000+05:30,2026-08-30 01:19:06,I2927SV000001054,MIASARING120965392,delivered,2026-09-05 11:30:00,2026-09-05 20:31:29,,,,,INR,677.0,0.0,677.0,1560.0,824.0,Inter-State,3.0,19.72,0.0,0.0,3.2864,0.0,0.0,,,,,,,,,,,,,,,,,,,,,,,,,,,,,,,,,,,,,,,,,,,,,,,,,,,Myntra Designs Pvt Ltd,71171990,Accessories,,MISS ASTUTE,Women,Ring,ON_HAND,false,MYEP1133994971,5b5ed084.93d3.4f03.8bc3.3493060c9889WnnL16UIyq,313001,RJ,3,0.0,0.0,657.28,0.5,0,0,0.0,0.0,,0.0,29ABGCS9514D1Z5,,KA,0.0,0.0,0.0,29AAECM9636P1ZJ,39377,,,,,,,,,,,,,,,,,,,,,,,PPMP,,,,,,,,,,ON_HAND,736.0,,,1000133230333,f5c90829-593f-44dd-b6ac-1329478d6651,,11362967575,,BRAND,BRAND
100260968493,133764126565203357601,2026-08-03T18:44:54.000+05:30,2026-08-03 23:13:35,I2927SV000000871,MIASANECK120998685,delivered,2026-08-11 11:30:00,2026-08-07 19:08:29,,,,,INR,587.0,587.0,0.0,1152.0,471.0,Inter-State,3.0,17.1,0.0,0.0,2.8495,0.0,0.0,0.0,5.9,34.633,,,,,,,,,,,,,,,,,,,,,,,,,,,,,,,,,,,,,,,,,,,,,,,,Myntra Designs Pvt Ltd,71171990,Accessories,,MISS ASTUTE,Women,Necklace and Chains,ON_HAND,false,MYEC1113613042,3c8e9ffa.530c.4743.b0cc.fccd4bc9a61edhHVmAjmeu,400066,MH,3,0.0,0.0,569.9,0.5,0,0,0.0,0.0,,0.0,29ABGCS9514D1Z5,,KA,0.0,0.0,0.0,29AAECM9636P1ZJ,39377,,,,,,,,,,,,,,,,,,,,,,,PPMP,,,,,,,,,,ON_HAND,681.0,,,1000100754537,a1928dd9-626b-4600-bed5-e4e570fed4f6,,11315702319,,BRAND,STANDARD
100280347500,133851011546415870501,2026-08-13T20:05:43.000+05:30,2026-08-14 08:55:16,I2927SV000000933,MIASAEARR120379356,delivered,2026-08-17 11:30:00,2026-08-18 01:57:05,,,,,INR,600.0,600.0,0.0,1000.0,341.0,Inter-State,3.0,17.48,0.0,0.0,2.9126,0.0,0.0,0.0,9.44,56.64,,,,,,,,,,,,,,,,,,,,,,,,,,,,,,,,,,,,,,,,,,,,,,,,Myntra Designs Pvt Ltd,71171990,Accessories,,MISS ASTUTE,Women,Earrings,ON_HAND,false,MYEC1115072706,3a8a64ba.0d9e.41e0.b987.c67d5b9c4dd1SS5gdXVqIJ,682030,KL,3,0.0,0.0,582.52,0.5,0,0,0.0,0.0,,0.0,29ABGCS9514D1Z5,,KA,0.0,0.0,0.0,29AAECM9636P1ZJ,39377,,,,,,,,,,,,,,,,,,,,,,,PPMP,,,,,,,,,,ON_HAND,659.0,,,1000114350107,80a4558d-3e71-45d6-b9d7-1bec49c50793,,11335090210,,BRAND,BRAND
100307041117,133986151035922633903,2026-08-29T11:28:58.000+05:30,2026-08-29 14:23:01,I2927SV000001046,MIASABANG125037241,delivered,2026-08-30 11:30:00,2026-08-30 19:15:30,,,,,INR,624.0000000000001,0.0,624.0,1275.0,592.0,Intra-State,3.0,0.0,9.09,9.09,0.0,1.51455,1.51455,0.0,9.44,58.906,,,,,,,,,,,,,,,,,,,,,,,,,,,,,,,,,,,,,,,,,,,,,,,,Myntra Designs Pvt Ltd,71171990,Accessories,,MISS ASTUTE,Women,Bangle,ON_HAND,false,MYEP1133977304,6396ee55.93a1.4102.b435.c38f4f26d1f5E5WJMS3nyk,562125,KA,0.0,1.5,1.5,605.82,0,0.25,0.25,0.0,0.0,,0.0,29ABGCS9514D1Z5,,KA,0.0,0.0,0.0,29AAECM9636P1ZJ,39377,,,,,,,,,,,,,,,,,,,,,,,PPMP,,,,,,,,,,ON_HAND,683.0000000000001,,,1000132891774,5329246f-9c9f-406a-aa2c-62e890d5327f,,11361806926,,BRAND,BRAND
100294523479,133917752313255178303,2026-08-21T13:29:11.000+05:30,2026-08-21 13:57:12,I2927SV000001004,MIASAEARR120379356,delivered,2026-08-28 11:30:00,2026-08-25 20:59:46,,,,,INR,478.0,0.0,478.0,1000.0,463.0,Inter-State,3.0,13.92,0.0,0.0,2.3204,0.0,0.0,0.0,9.44,45.123,,,,,,,,,,,,,,,,,,,,,,,,,,,,,,,,,,,,,,,,,,,,,,,,Myntra Designs Pvt Ltd,71171990,Accessories,,MISS ASTUTE,Women,Earrings,ON_HAND,false,MYEP1133004953,23810fba.f8c9.4b4c.b6ed.420801fd00d2s9zY2KZrn0,440012,MH,3,0.0,0.0,464.08,0.5,0,0,0.0,0.0,,0.0,29ABGCS9514D1Z5,,KA,0.0,0.0,0.0,29AAECM9636P1ZJ,39377,,,,,,,,,,,,,,,,,,,,,,,PPMP,,,,,,,,,,ON_HAND,537.0,,,1000124013601,2eb7cf90-6dee-420a-8bcd-58e5462caaf2,,11349277935,,BRAND,BRAND
100260633931,133762913821452139603,2026-08-03T15:22:46.000+05:30,2026-08-03 23:12:46,I2927SV000000869,MIASABRCT125039777,delivered,2026-08-11 11:30:00,2026-08-09 20:55:09,,,,,INR,734.0,0.0,734.0,1392.0,540.0,Inter-State,3.0,21.38,0.0,0.0,3.5631,0.0,0.0,0.0,17.7,129.918,,,,,,,,,,,,,,,,,,,,,,,,,,,,,,,,,,,,,,,,,,,,,,,,Myntra Designs Pvt Ltd,71171990,Accessories,,MISS ASTUTE,Unisex,Bangle,ON_HAND,false,MYEP1130175077,4692f7b4.e742.47fc.9ae0.ca149828fcb4F0GzwqdilN,201011,UP,3,0.0,0.0,712.62,0.5,0,0,0.0,0.0,,0.0,29ABGCS9514D1Z5,,KA,0.0,0.0,0.0,29AAECM9636P1ZJ,39377,,,,,,,,,,,,,,,,,,,,,,,PPMP,,,,,,,,,,ON_HAND,852.0,,,1000100754142,07c621e4-5d25-429d-bd30-574bb0879d9f,,11315367567,,STANDARD,STANDARD
100297070307,133928708442206046203,2026-08-22T19:55:12.000+05:30,2026-08-23 00:39:34,I2927SV000001014,MIASAJWST129818474,reverse_in_transit,2026-08-27 11:30:00,,,,release_rto_refund,,INR,1708.0,1708.0,0.0,2975.0,1043.0,Inter-State,3.0,49.75,0.0,0.0,8.29125,0.0,0.0,0.0,11.8,201.544,,,,,,,,,,,,,,,,,,,,,,,,,,,,,,,,,,,,,,,,,,,,,,,,Myntra Designs Pvt Ltd,71171990,Accessories,,MISS ASTUTE,Women,Jewellery Set,ON_HAND,false,MYEC1116277065,943528ad.35c5.408c.9240.fa52046d4ec76Zklsr74UU,531061,AP,3,0.0,0.0,1658.25,0.5,0,0,0.0,0.0,,0.0,29ABGCS9514D1Z5,,KA,0.0,0.0,0.0,29AAECM9636P1ZJ,39377,,,,,,,,,,,,,,,,,,,,,,,PPMP,,,,,,,,,,ON_HAND,1932.0,,,1000125778735,b10b0ead-cd5d-4ecb-8bf6-c6d549bfecab,,11351827149,,BRAND,BRAND
100279848864,133849023453887693503,2026-08-13T14:34:22.000+05:30,2026-08-13 19:36:42,I2927SV000000930,MIASAEARR118063951,delivered,2026-08-18 11:30:00,2026-08-18 22:13:38,,,,,INR,373.0,373.0,0.0,630.0,198.0,Inter-State,3.0,10.86,0.0,0.0,1.8107,0.0,0.0,0.0,9.44,35.211,,,,,,,,,,,,,,,,,,,,,,,,,,,,,,,,,,,,,,,,,,,,,,,,Myntra Designs Pvt Ltd,71171990,Accessories,,MISS ASTUTE,Women,Earrings,ON_HAND,false,MYEC1115054792,6074f504.0cf0.42f0.8ca6.0ef5d6e790e3wD4frLXR5z,400092,MH,3,0.0,0.0,362.14,0.5,0,0,0.0,0.0,,0.0,29ABGCS9514D1Z5,,KA,0.0,0.0,0.0,29AAECM9636P1ZJ,39377,,,,,,,,,,,,,,,,,,,,,,,PPMP,,,,,,,,,,ON_HAND,432.0,,,1000114023705,a7ba0955-07a7-451d-bef7-dbd3aceea639,,11334590899,,BRAND,BRAND
100279665446,133848287851583834701,2026-08-13T12:31:46.000+05:30,2026-08-13 12:33:46,I2927SV000000929,MIASAEARR132030001,reverse_in_transit,2026-08-17 11:30:00,,,,release_rto_refund,,INR,590.0,0.0,590.0,1120.0,436.0,Inter-State,3.0,17.18,0.0,0.0,2.8641,0.0,0.0,0.0,9.44,55.696,,,,,,,,,,,,,,,,,,,,,,,,,,,,,,,,,,,,,,,,,,,,,,,,Myntra Designs Pvt Ltd,71171100,Accessories,,MISS ASTUTE,Women,Earrings,ON_HAND,false,MYEP1131755832,4730cbb5.49f9.45a1.b7ec.7b65fc3cc0c6nNfvk8xwQo,411041,MH,3,0.0,0.0,572.82,0.5,0,0,0.0,0.0,,0.0,29ABGCS9514D1Z5,,KA,0.0,0.0,0.0,29AAECM9636P1ZJ,39377,,,,,,,,,,,,,,,,,,,,,,,PPMP,,,,,,,,,,ON_HAND,684.0,,,1000113649995,31fcf299-2f23-4550-ad24-7477da310464,,11334407481,,BRAND,BRAND
100280193978,133850426838484691801,2026-08-13T18:28:16.000+05:30,2026-08-13 19:37:02,I2927SV000000931,MIASAEARR132029995,delivered,2026-08-18 11:30:00,2026-08-19 01:41:38,,,,,INR,509.0,0.0,509.0,889.0,286.0,Inter-State,3.0,14.83,0.0,0.0,2.47085,0.0,0.0,0.0,9.44,48.05,,,,,,,,,,,,,,,,,,,,,,,,,,,,,,,,,,,,,,,,,,,,,,,,Myntra Designs Pvt Ltd,71171100,Accessories,,MISS ASTUTE,Women,Earrings,ON_HAND,false,MYEP1131798643,0bf72ef3.933b.41b8.bb7a.07ebb30ec557Vc4Q7Pa2df,201304,UP,3,0.0,0.0,494.17,0.5,0,0,0.0,0.0,,0.0,29ABGCS9514D1Z5,,KA,0.0,0.0,0.0,29AAECM9636P1ZJ,39377,,,,,,,,,,,,,,,,,,,,,,,PPMP,,,,,,,,,,ON_HAND,603.0,,,1000114023786,cc271712-e4dc-4f94-9812-f441e14d8085,,11334936682,,BRAND,BRAND
100306149800,133979536114641786101,2026-08-28T17:06:29.000+05:30,2026-08-28 22:32:27,I2927SV000001041,MIASAEARR132029995,delivered,2026-09-03 11:30:00,2026-09-03 19:24:32,,,,,INR,523.0,0.0,523.0,889.0,307.0,Inter-State,3.0,15.23,0.0,0.0,2.53885,0.0,0.0,0.0,9.44,49.371,,,,,,,,,,,,,,,,,,,,,,,,,,,,,,,,,,,,,,,,,,,,,,,,Myntra Designs Pvt Ltd,71171100,Accessories,,MISS ASTUTE,Women,Earrings,ON_HAND,false,MYEP1133869881,8f5928ed.244c.4fcb.9c26.4be1a1eb7959rb4ALX0QXF,110077,DL,3,0.0,0.0,507.77,0.5,0,0,0.0,0.0,,0.0,29ABGCS9514D1Z5,,KA,0.0,0.0,0.0,29AAECM9636P1ZJ,39377,,,,,,,,,,,,,,,,,,,,,,,PPMP,,,,,,,,,,ON_HAND,582.0,,,1000132063699,c5a31810-c2e1-45c2-8ad9-1c991e15c148,,11360914967,,BRAND,BRAND
100286922835,133881969455129621401,2026-08-17T10:05:22.000+05:30,2026-08-17 11:35:11,I2927SV000000959,MIASAEARR120379356,reverse_in_transit,2026-08-19 11:30:00,2026-08-19 22:49:38,2026-08-23 01:11:19,,return_refund,,INR,565.0,0.0,565.0,1000.0,376.0,Inter-State,3.0,16.46,0.0,0.0,2.7426999999999997,0.0,0.0,0.0,9.44,53.336,,,,,,,,,,,,,,,,,,,,,,,,,,,,,,,,,,,,,,,,,,,,,,,,Myntra Designs Pvt Ltd,71171990,Accessories,,MISS ASTUTE,Women,Earrings,ON_HAND,false,MYEP1132249785,173dbc0d.69ab.4eba.a2fb.7d972b89de5cY1n0K1OyzN,682034,KL,3,0.0,0.0,548.54,0.5,0,0,0.0,0.0,,0.0,29ABGCS9514D1Z5,,KA,0.0,0.0,0.0,29AAECM9636P1ZJ,39377,,,,,,,,,,,,,,,,,,,,,,,PPMP,,,,,,,,,,ON_HAND,624.0,,,1000118068733,3f11db18-b299-4cc9-be6c-6d43244fd601,,11341670666,DLS,BRAND,BRAND
100268222829,133796577572693294803,2026-08-07T12:53:24.000+05:30,2026-08-07 13:14:47,I2927SV000000894,MIASAEARR130526993,reverse_in_transit,2026-08-11 11:30:00,2026-08-11 21:52:57,2026-08-11 23:52:34,,return_refund,,INR,539.0,0.0,539.0,945.0,312.0,Inter-State,3.0,15.7,0.0,0.0,2.6165,0.0,0.0,0.0,5.9,31.801,,,,,,,,,,,,,,,,,,,,,,,,,,,,,,,,,,,,,,,,,,,,,,,,Myntra Designs Pvt Ltd,71171990,Accessories,,MISS ASTUTE,Women,Earrings,ON_HAND,false,MYEP1130789978,a57ed794.4944.4b96.82bd.153a921b4ae620sorTnF95,401107,MH,3,0.0,0.0,523.3,0.5,0,0,0.0,0.0,,0.0,29ABGCS9514D1Z5,,KA,0.0,0.0,0.0,29AAECM9636P1ZJ,39377,,,,,,,,,,,,,,,,,,,,,,,PPMP,,,,,,,,,,ON_HAND,633.0,,,1000105781663,258001c5-25da-4635-9b6d-140177526d2e,,11322958667,DLS,BRAND,STANDARD
100277546089,133835655805590766203,2026-08-12T01:26:26.000+05:30,2026-08-12 09:13:56,I2927SV000000921,MIASABANG128581249,delivered,2026-08-13 11:30:00,2026-08-13 20:52:52,,,,,INR,385.0,0.0,385.0,799.0,355.0,Intra-State,3.0,0.0,5.61,5.61,0.0,0.93445,0.93445,0.0,0.0,0.0,,,,,,,,,,,,,,,,,,,,,,,,,,,,,,,,,,,,,,,,,,,,,,,,Myntra Designs Pvt Ltd,71171910,Accessories,,MISS ASTUTE,Women,Bangle,ON_HAND,false,MYEP1131524836,5ce713d3.88c5.4273.b994.b2861c1ea678SLX3UvJrCB,560083,KA,0.0,1.5,1.5,373.78,0,0.25,0.25,0.0,0.0,,0.0,29ABGCS9514D1Z5,,KA,0.0,0.0,0.0,29AAECM9636P1ZJ,39377,,,,,,,,,,,,,,,,,,,,,,,PPMP,,,,,,,,,,ON_HAND,444.0,,,1000111975975,4febb03e-90f8-4f91-b9ea-996e7f430c64,,11332286192,,BRAND,STANDARD
100293443654,133911839578052326801,2026-08-20T21:03:44.000+05:30,2026-08-21 08:28:09,I2927SV000000999,MIASABANG128581233,reverse_in_transit,2026-08-28 11:30:00,2026-08-27 16:27:00,2026-08-27 16:40:06,,return_refund,,INR,422.0,422.0,0.0,799.0,342.0,Inter-State,3.0,12.29,0.0,0.0,2.04855,0.0,0.0,0.0,9.44,39.837,,,,,,,,,,,,,,,,,,,,,,,,,,,,,,,,,,,,,,,,,,,,,,,,Myntra Designs Pvt Ltd,71171910,Accessories,,MISS ASTUTE,Women,Bangle,ON_HAND,false,MYEC1116002489,d5194e3e.4dc6.4948.983f.bf5dd7936626ldHuRc66v6,781003,AS,3,0.0,0.0,409.71,0.5,0,0,0.0,0.0,,0.0,29ABGCS9514D1Z5,,KA,0.0,0.0,0.0,29AAECM9636P1ZJ,39377,,,,,,,,,,,,,,,,,,,,,,,PPMP,,,,,,,,,,ON_HAND,457.0,,,1000123268604,1a985c97-550d-42fe-a9a9-e4defdc8459f,,11348197327,DLS,BRAND,BRAND
100258547883,133754287833929616601,2026-08-02T15:25:06.000+05:30,2026-08-02 17:13:36,I2927SV000000858,MIASAEARR120379360,delivered,2026-08-05 11:30:00,2026-08-05 21:32:55,,,,,INR,698.0,0.0,698.0,1320.0,528.0,Inter-State,3.0,20.33,0.0,0.0,3.38835,0.0,0.0,0.0,5.9,41.182,,,,,,,,,,,,,,,,,,,,,,,,,,,,,,,,,,,,,,,,,,,,,,,,Myntra Designs Pvt Ltd,71171990,Accessories,,MISS ASTUTE,Women,Earrings,ON_HAND,false,MYEP1129944204,10beeff0.4792.4ab6.8ac0.41e25b4cda07NOJ5xrD0q9,680669,KL,3,0.0,0.0,677.67,0.5,0,0,0.0,0.0,,0.0,29ABGCS9514D1Z5,,KA,0.0,0.0,0.0,29AAECM9636P1ZJ,39377,,,,,,,,,,,,,,,,,,,,,,,PPMP,,,,,,,,,,ON_HAND,792.0,,,1000098945251,98cf506f-4a75-447f-90e1-eb362ddb8c55,,11313281136,,BRAND,STANDARD
100257243374,133748391566299171603,2026-08-01T23:02:24.000+05:30,2026-08-01 23:36:27,I2927SV000000852,MIASAEARR118063950,reverse_in_transit,2026-08-10 11:30:00,,,,release_rto_refund,,INR,355.0,0.0,355.0,720.0,306.0,Inter-State,3.0,10.34,0.0,0.0,1.7233,0.0,0.0,0.0,0.0,0.0,,,,,,,,,,,,,,,,,,,,,,,,,,,,,,,,,,,,,,,,,,,,,,,,Myntra Designs Pvt Ltd,71171990,Accessories,,MISS ASTUTE,Women,Earrings,ON_HAND,false,MYEP1129851392,ac91d6f0.310f.4cca.8d0a.cebb6abd7a697IyprDKZSG,400602,MH,3,0.0,0.0,344.66,0.5,0,0,0.0,0.0,,0.0,29ABGCS9514D1Z5,,KA,0.0,0.0,0.0,29AAECM9636P1ZJ,39377,,,,,,,,,,,,,,,,,,,,,,,PPMP,,,,,,,,,,ON_HAND,414.0,,,1000098010972,b500d02a-8255-40e9-8251-4ad8613029ca,,11311976438,,BRAND,STANDARD
100263397625,133774251059630471603,2026-08-04T22:52:19.000+05:30,2026-08-04 23:20:08,I2927SV000000879,MIASAEARR118063950,reverse_in_transit,2026-08-09 11:30:00,2026-08-09 19:45:59,2026-08-10 00:29:32,,return_refund,,INR,355.0,41.18,313.82,720.0,306.0,Inter-State,3.0,10.34,0.0,0.0,1.7233,0.0,0.0,0.0,0.0,0.0,,,,,,,,,,,,,,,,,,,,,,,,,,,,,,,,,,,,,,,,,,,,,,,,Myntra Designs Pvt Ltd,71171990,Accessories,,MISS ASTUTE,Women,Earrings,ON_HAND,false,MYEC1113765748,ec4327c6.73fd.4e5e.a3bb.a6485231e937p1tJPF7IqN,492099,CT,3,0.0,0.0,344.66,0.5,0,0,0.0,0.0,,0.0,29ABGCS9514D1Z5,,KA,0.0,0.0,0.0,29AAECM9636P1ZJ,39377,,,,,,,,,,,,,,,,,,,,,,,PPMP,,,,,,,,,,ON_HAND,414.0,,,1000102132910,2561dc91-8884-419f-8711-88e100cf1446,,11318131902,DLS,BRAND,STANDARD
100276184297,133830384750758704701,2026-08-11T10:47:55.000+05:30,2026-08-11 12:26:54,I2927SV000000913,MIASARING133341776,delivered,2026-08-17 11:30:00,2026-08-16 19:10:32,,,,,INR,280.0,0.0,280.0,599.0,260.0,Inter-State,3.0,8.16,0.0,0.0,1.3592,0.0,0.0,0.0,0.0,0.0,,,,,,,,,,,,,,,,,,,,,,,,,,,,,,,,,,,,,,,,,,,,,,,,Myntra Designs Pvt Ltd,71179090,Accessories,,MISS ASTUTE,Women,Ring,ON_HAND,false,MYEP1131451946,b0bb364f.eb36.4d40.9799.b236d5d24544bj6dyze2Nt,462010,MP,3,0.0,0.0,271.84,0.5,0,0,0.0,0.0,,0.0,29ABGCS9514D1Z5,,KA,0.0,0.0,0.0,29AAECM9636P1ZJ,39377,,,,,,,,,,,,,,,,,,,,,,,PPMP,,,,,,,,,,ON_HAND,339.0,,,1000111233905,3a355b34-4932-40d9-9d7b-63512026d91c,,11330923714,,BRAND,STANDARD
100277546083,133835655805590766203,2026-08-12T01:26:26.000+05:30,2026-08-12 09:15:03,I2927SV000000923,MIASABANG128581243,delivered,2026-08-13 11:30:00,2026-08-13 20:52:21,,,,,INR,385.0,0.0,385.0,799.0,355.0,Intra-State,3.0,0.0,5.61,5.61,0.0,0.93445,0.93445,,,,,,,,,,,,,,,,,,,,,,,,,,,,,,,,,,,,,,,,,,,,,,,,,,,Myntra Designs Pvt Ltd,71171910,Accessories,,MISS ASTUTE,Women,Bangle,ON_HAND,false,MYEP1131525493,5ce713d3.88c5.4273.b994.b2861c1ea678SLX3UvJrCB,560083,KA,0.0,1.5,1.5,373.78,0,0.25,0.25,0.0,0.0,,0.0,29ABGCS9514D1Z5,,KA,0.0,0.0,0.0,29AAECM9636P1ZJ,39377,,,,,,,,,,,,,,,,,,,,,,,PPMP,,,,,,,,,,ON_HAND,444.0,,,1000111979157,88c17714-742d-45a3-b886-b0e857948389,,11332286186,,BRAND,STANDARD
